date,APPLE,NVIDIA,AMAZON,GOOGLE,マイクロソフト,SOXL
2020-01-02,75.087502,5.99775,94.90050,68.43400,160.62000,19.46400
2020-01-03,74.35750,5.90175,93.74850,68.075996,158.62000,18.41267
2020-01-06,74.95000,5.92650,95.14400,69.89050,159.029999,17.82867
2020-01-07,74.59750,5.99825,95.34300,69.75550,157.58000,18.74800
2020-01-08,75.79750,6.0095000,94.59850,70.25200,160.089996,18.78933
2020-01-09,77.40750,6.075500,95.052498,70.98950,162.089996,19.11400
2020-01-10,77.58250,6.10800,94.15800,71.44800,161.34000,18.72333
2020-01-13,79.24000,6.29950,94.56500,72.0015030,163.28000,19.45733
2020-01-14,78.17000,6.18200,93.47200,71.52950,162.13000,19.58267
2020-01-15,77.83500,6.13925,93.10100,71.96000,163.17999,18.87667
2020-01-16,78.81000,6.22325,93.89700,72.50800,166.17000,19.82267
2020-01-17,79.68250,6.23200,93.23600,73.97600,167.10001,20.20733
2020-01-21,79.14250,6.19850,94.60000,74.11250,166.5,20.17000
2020-01-22,79.42500,6.25275,94.37300,74.19350,165.70000,20.65133
2020-01-23,79.80750,6.32150,94.22900,74.23450,166.72000,21.12267
2020-01-24,79.57750,6.26200,93.082001,73.30850,165.039993,20.40867
2020-01-27,77.23750,6.0050001,91.41700,71.58650,162.28000,18.041332
2020-01-28,79.42250,6.19925,92.66250,72.52500,165.46001,19.33267
2020-01-29,81.084999,6.13850,92.90000,72.83500,168.039993,18.26667
2020-01-30,80.96750,6.14525,93.53400,72.71250,172.78000,18.19867
2020-01-31,77.37750,5.91075,100.43600,71.63900,170.23000,16.24067
2020-02-03,77.16500,6.0082502,100.21000,74.13000,174.38000,16.86067
2020-02-04,79.71250,6.17825,102.48350,72.27050,180.12000,18.43333
2020-02-05,80.36250,6.26900,101.99350,72.30250,179.89999,19.64000
2020-02-06,81.30250,6.35625,102.51150,73.79850,183.63000,19.65267
2020-02-07,80.0074997,6.28975,103.96400,73.95550,183.89000,18.26600
2020-02-10,80.38750,6.57425,106.69550,75.43300,188.70000,19.093332
2020-02-11,79.90250,6.69725,107.54000,75.50300,184.44000,20.23933
2020-02-12,81.80000,6.81350,108,75.93150,184.71001,21.12867
2020-02-13,81.21750,6.76950,107.49350,75.66950,183.71001,21.17533
2020-02-14,81.23750,7.24475,106.74350,75.93650,185.35001,21.039333
2020-02-18,79.75,7.41425,107.78350,75.97200,187.23000,20.16533
2020-02-19,80.90500,7.86750,108.51100,76.24350,187.28000,21.73200
2020-02-20,80.074997,7.71750,107.65500,75.84950,184.42000,20.76067
2020-02-21,78.26250,7.35175,104.79850,74.17300,178.59000,18.89667
2020-02-24,74.54500,6.83200,100.46450,70.99300,170.89000,16.20067
2020-02-25,72.019997,6.55125,98.63700,69.31600,168.070007,14.71267
2020-02-26,73.16250,6.69125,98.97950,69.52350,170.17000,14.83600
2020-02-27,68.38000,6.31500,94.21500,65.74750,158.17999,12.74200
2020-02-28,68.34000,6.75175,94.1875,66.96250,162.0099945,13.66667
2020-03-02,74.70250,6.91075,97.69750,69.31600,172.78999,15.020000
2020-03-03,72.33000,6.64725,95.44950,66.88600,164.50999,13.49933
2020-03-04,75.68500,7.11275,98.79150,69.080002,170.55000,15.47533
2020-03-05,73.23000,6.83225,96.20150,65.73800,166.27000,14.087333
2020-03-06,72.25750,6.65100,95.054497,64.78700,161.57001,13.24067
2020-03-09,66.54250,6.13600,90.030502,60.78950,150.62000,9.88600
2020-03-10,71.33500,6.52700,94.59100,63.75850,160.92000,11.77333
2020-03-11,68.85750,6.16175,91.042999,60.54500,153.63000,9.77600
2020-03-12,62.057499,5.40775,83.83050,55.57750,139.059998,6.80267
2020-03-13,69.49250,6.021000,89.25,60.71350,158.83000,8.66133
2020-03-16,60.55250,4.91000,84.45750,53.65000,135.42000,5.31867
2020-03-17,63.21500,5.43175,90.39200,55.90300,146.57001,5.84733
2020-03-18,61.66750,5.070500,91.5,54.55950,140.39999,4.33333
2020-03-19,61.19500,5.32425,94.046501,55.58350,142.71001,4.66200
2020-03-20,57.31000,5.14375,92.30450,53.41050,137.35001,4.26333
2020-03-23,56.092499,5.31725,95.14150,52.70650,135.98000,4.66000
2020-03-24,61.72000,6.22950,97.0049973,56.50050,148.34000,6.24933
2020-03-25,61.38000,6.14050,94.29200,55.081001,146.92000,6.0046668
2020-03-26,64.61000,6.43100,97.77450,58.14600,156.11000,7.20533
2020-03-27,61.93500,6.31825,95.0049973,55.51300,149.70000,6.096000
2020-03-30,63.70250,6.63975,98.19750,57.31550,160.23000,6.75200
2020-03-31,63.57250,6.59000,97.48600,58.097500,157.71001,6.31600
2020-04-01,60.22750,6.076750,95.38500,55.10500,152.11000,5.29400
2020-04-02,61.23250,6.38675,95.94150,55.85150,155.25999,5.77867
2020-04-03,60.35250,6.097750,95.32950,54.63500,153.83000,5.43533
2020-04-06,65.61750,6.71000,99.87950,59.15950,165.27000,7.10267
2020-04-07,64.85750,6.47575,100.58000,59.12800,163.49001,7.013333
2020-04-08,66.51750,6.67375,102.15000,60.35000,165.13000,7.71600
2020-04-09,66.99750,6.57375,102.13800,60.32850,165.14000,7.21000
2020-04-13,68.3125,6.74625,108.44350,60.52050,165.50999,7.47000
2020-04-14,71.76250,7.098750,114.16600,63.26150,173.70000,8.46200
2020-04-15,71.10750,7.021000,115.38400,62.86500,171.88000,7.77533
2020-04-16,71.67250,7.36750,120.40950,62.87150,177.039993,8.34733
2020-04-17,70.70000,7.30800,118.75,63.95000,178.60001,8.56400
2020-04-20,69.23250,7.17625,119.68050,63.057499,175.059998,8.011333
2020-04-21,67.092499,6.73775,116.40600,60.60800,167.82001,6.88600
2020-04-22,69.025002,7.15375,118.17450,62.92050,173.52000,8.039333
2020-04-23,68.75750,7.10025,119.97250,63.55850,171.42000,7.83533
2020-04-24,70.74250,7.23975,120.51100,63.83000,174.55000,8.33400
2020-04-27,70.79250,7.42700,118.80000,63.54300,174.050003,8.67067
2020-04-28,69.64500,7.28400,115.70400,61.62950,169.81000,8.53533
2020-04-29,71.93250,7.46150,118.63550,67.10900,177.42999,9.76000
2020-04-30,73.45000,7.30700,123.70000,67.33500,179.21001,8.73400
2020-05-01,72.26750,7.069500,114.30200,65.86600,174.57001,7.40667
2020-05-04,73.29000,7.28225,115.79950,66.14500,178.84000,7.61467
2020-05-05,74.39000,7.34350,115.89000,67.45100,180.75999,8.00066662
2020-05-06,75.15750,7.44475,117.56300,67.27150,182.53999,8.27800
2020-05-07,75.93500,7.62175,118.38050,68.46400,183.60001,8.52067
2020-05-08,77.53250,7.8125,118.98050,69.21700,184.67999,9.26533
2020-05-11,78.75250,8.065500,120.45000,70.17950,186.74001,9.24000
2020-05-12,77.85250,7.80250,117.84750,68.75900,182.50999,8.45667
2020-05-13,76.91250,7.78000,118.39600,67.41650,179.75,8.0013332
2020-05-14,77.38500,8.030500,119.44250,67.84300,180.53000,8.64067
2020-05-15,76.92750,8.49075,120.48900,68.65300,183.16000,8.099333
2020-05-18,78.74000,8.75025,121.31300,69.25900,184.91000,9.23267
2020-05-19,78.28500,8.80550,122.46650,68.72000,183.63000,9.12200
2020-05-20,79.80750,8.97000,124.89700,70.45800,185.66000,10.15933
2020-05-21,79.21250,8.77525,122.33700,70.33750,183.42999,9.37000
2020-05-22,79.72250,9.026250,121.84400,70.66200,183.50999,9.50600
2020-05-26,79.18250,8.71775,121.093002,71.068497,181.57001,9.80067
2020-05-27,79.52750,8.52525,120.51950,71.014000,181.81000,10.21933
2020-05-28,79.5625,8.48700,120.055000,70.91200,181.39999,9.54867
2020-05-29,79.48500,8.87550,122.11850,71.67600,183.25,10.27400
2020-06-01,80.46250,8.80625,123.55200,71.74350,182.83000,10.14667
2020-06-02,80.83500,8.82525,123.62050,72.11550,184.91000,10.80000
2020-06-03,81.28000,8.76950,123.92000,71.96250,185.36000,11.74667
2020-06-04,80.58000,8.76650,123.029999,70.71500,182.92000,12.056000
2020-06-05,82.875,8.92000,124.15000,72.00099945,187.20000,12.93400
2020-06-08,83.36500,8.80500,126.20300,72.40200,188.36000,12.85533
2020-06-09,85.99750,9.046000,130.042999,72.60400,189.80000,12.87733
2020-06-10,88.21000,9.36675,132.37250,73.23500,196.84000,12.99600
2020-06-11,83.97500,8.79625,127.89800,70.095001,186.27000,10.51600
2020-06-12,84.70000,8.93250,127.25100,70.64600,187.74001,10.95200
2020-06-15,85.74750,9.17375,128.63400,71.037003,188.94000,11.43267
2020-06-16,88.019997,9.068500,130.76350,72.32350,193.57001,12.038667
2020-06-17,87.89750,9.23600,132.048996,72.62700,194.24001,12.37200
2020-06-18,87.93250,9.21800,132.69901,71.70600,196.32001,12.31467
2020-06-19,87.43000,9.26125,133.75050,71.23200,195.14999,12.066667
2020-06-22,89.71750,9.52675,135.69099,72.53300,200.57001,12.38933
2020-06-23,91.63250,9.45000,138.22050,73.19900,201.91000,12.49133
2020-06-24,90.014999,9.23550,136.72000,71.63500,197.84000,11.65200
2020-06-25,91.21000,9.49000,137.72900,72.055000,200.34000,11.93867
2020-06-26,88.40750,9.15500,134.64349,68.12700,196.33000,11.22400
2020-06-29,90.44500,9.20000,134.018997,69.85850,198.44000,11.61000
2020-06-30,91.20000,9.49775,137.94099,70.90250,203.50999,12.54733
2020-07-01,91.027496,9.53000,143.93500,72.099998,204.70000,12.022667
2020-07-02,91.027496,9.61225,144.51500,73.49650,206.25999,12.47000
2020-07-06,93.46250,9.83925,152.85201,74.98250,210.70000,13.47000
2020-07-07,93.17250,9.87175,150.0059967,74.49600,208.25,12.97200
2020-07-08,95.34250,10.21600,154.055496,75.18000,212.83000,13.50867
2020-07-09,95.75250,10.50900,159.13150,75.93300,214.32001,14.046000
2020-07-10,95.92000,10.47925,160,76.95050,213.67000,13.90600
2020-07-13,95.47750,10.052250,155.20000,75.61150,207.070007,13.21200
2020-07-14,97.057503,10.37700,154.20000,76.042999,208.35001,13.91200
2020-07-15,97.72500,10.22725,150.44350,75.84400,208.039993,13.77267
2020-07-16,96.52250,10.13475,149.99500,75.74600,203.92000,13.60467
2020-07-17,96.32750,10.20150,148.098495,75.84250,202.88000,13.85667
2020-07-20,98.35750,10.51075,159.84200,78.19200,211.60001,14.71067
2020-07-21,97,10.32850,156.91451,77.79600,208.75,14.39933
2020-07-22,97.27250,10.43875,154.99550,78.24250,211.75,14.57200
2020-07-23,92.84500,10.12975,149.32750,75.83750,202.53999,13.89333
2020-07-24,92.61500,10.19450,150.44550,75.41050,201.30000,13.23133
2020-07-27,94.81000,10.42150,152.76050,76.47150,203.85001,14.48467
2020-07-28,93.25250,10.21550,150.016495,75.18250,202.020004,13.62800
2020-07-29,95.040001,10.46550,151.67650,76.17550,204.059998,14.51067
2020-07-30,96.19000,10.61400,152.59399,76.91850,203.89999,15.36000
2020-07-31,106.26000,10.61475,158.23399,74.39750,205.0099945,15.10067
2020-08-03,108.9375,11.010250,155.59450,74.13800,216.53999,15.99933
2020-08-04,109.66500,11.22775,156.94150,73.66500,213.28999,16.68667
2020-08-05,110.0625,11.28675,160.25150,73.95450,212.94000,16.65400
2020-08-06,113.90250,11.33550,161.25,75.24750,216.35001,16.59333
2020-08-07,111.11250,11.19950,158.37300,74.91850,212.48000,16.029333
2020-08-10,112.72750,11.16500,157.40800,74.84100,208.25,16.039333
2020-08-11,109.375,10.85000,154.033493,74.027000,203.38000,15.50800
2020-08-12,113.010002,11.44025,158.11200,75.36200,209.19000,17.070000
2020-08-13,115.010002,11.44300,158.050995,75.83250,208.70000,16.51133
2020-08-14,114.90750,11.56400,157.40100,75.23150,208.89999,16.45333
2020-08-17,114.60750,12.33700,159.12050,75.81200,210.28000,17.076000
2020-08-18,115.5625,12.26075,165.62450,77.78900,211.49001,16.79400
2020-08-19,115.70750,12.13850,163.024002,77.23050,209.70000,16.46800
2020-08-20,118.27500,12.14100,164.86850,78.8125,214.58000,16.039333
2020-08-21,124.37000,12.68350,164.23599,78.77850,213.020004,16.39267
2020-08-24,125.85750,12.72025,165.37300,79.25750,213.69000,16.84600
2020-08-25,124.82500,12.75,167.32449,80.29250,216.47000,17.38867
2020-08-26,126.52250,12.77300,172.092499,82.20650,221.14999,17.58467
2020-08-27,125.010002,12.62825,170,81.42600,226.58000,16.89933
2020-08-28,124.80750,13.14775,170.089996,81.97150,228.91000,17.85667
2020-08-31,129.039993,13.37450,172.54800,81.47650,225.53000,17.80667
2020-09-01,134.17999,13.82100,174.95599,82.75400,227.27000,18.80933
2020-09-02,131.39999,14.34650,176.57249,85.86950,231.64999,20.49667
2020-09-03,120.88000,13.015500,168.39999,81.47550,217.30000,16.99867
2020-09-04,120.96000,12.62250,164.73100,79.060501,214.25,16.52733
2020-09-08,112.82000,11.91300,157.49200,76.18000,202.66000,14.17400
2020-09-09,117.32000,12.71500,163.43050,77.36150,211.28999,15.34600
2020-09-10,113.49000,12.31175,158.75549,76.30250,205.37000,14.70867
2020-09-11,112,12.16450,155.81100,75.78800,204.029999,14.65733
2020-09-14,115.36000,12.87225,155.14850,75.44150,205.41000,15.58400
2020-09-15,115.54000,12.99100,157.80650,76.75600,208.78000,16.38533
2020-09-16,112.13000,12.51450,153.90500,75.60450,205.050003,15.89200
2020-09-17,110.34000,12.46350,150.43649,74.35200,202.91000,15.81933
2020-09-18,106.84000,12.18925,147.74550,72.55450,200.39000,15.082000
2020-09-21,110.080002,12.51725,148.023499,71.50700,202.53999,15.0093327
2020-09-22,111.81000,12.63775,156.44949,72.99100,207.42000,15.55333
2020-09-23,107.12000,12.12375,149.99300,70.46950,200.59000,14.39533
2020-09-24,108.22000,12.34800,150.98950,71.14300,203.19000,14.81600
2020-09-25,112.28000,12.87375,154.75650,71.95300,207.82001,15.45533
2020-09-28,114.96000,13.035000,158.70250,72.93300,209.44000,16.71733
2020-09-29,114.089996,13.22575,157.24400,73.30100,207.25999,16.85667
2020-09-30,115.81000,13.53050,157.43649,73.28000,210.33000,16.87933
2020-10-01,116.79000,13.61450,161.063004,74.39500,212.46001,17.92733
2020-10-02,113.019997,13.062250,156.25,72.78000,206.19000,16.32933
2020-10-05,116.5,13.64250,159.96001,74.14150,210.38000,17.92333
2020-10-06,113.16000,13.73650,154.99800,72.55100,205.91000,17.61733
2020-10-07,115.080002,13.96400,159.78450,72.95700,209.83000,18.68000
2020-10-08,114.97000,13.83875,159.52750,74.17150,210.58000,19.32867
2020-10-09,116.97000,13.76275,164.33250,75.52250,215.81000,20.34267
2020-10-12,124.40000,14.22600,172.14650,78.22950,221.39999,21.22600
2020-10-13,121.099998,14.24825,172.18150,78.35350,222.86000,21.20067
2020-10-14,121.19000,14.095250,168.18550,78.17200,220.86000,20.86467
2020-10-15,120.71000,13.97000,166.93250,77.77350,219.66000,20.70000
2020-10-16,119.019997,13.81150,163.63550,78.38500,219.66000,20.40467
2020-10-19,115.98000,13.49775,160.36050,76.49750,214.22000,20.076000
2020-10-20,117.51000,13.64550,160.85049,77.55400,214.64999,20.011999
2020-10-21,116.87000,13.52475,159.24699,79.29950,214.80000,19.58933
2020-10-22,115.75,13.36100,158.82001,80.33300,214.89000,19.65800
2020-10-23,115.040001,13.59025,160.22000,81.64900,216.23000,19.37000
2020-10-26,115.050003,13.14125,160.35201,79.21450,210.080002,18.13267
2020-10-27,116.60000,13.39675,164.31650,79.94400,213.25,17.94533
2020-10-28,111.20000,12.62700,158.13901,75.54000,202.67999,16.15933
2020-10-29,115.32000,13.024000,160.55051,77.84400,204.72000,17.44600
2020-10-30,108.86000,12.53400,151.80750,80.80550,202.47000,16.59667
2020-11-02,108.77000,12.58075,150.22400,81.21600,202.33000,16.86400
2020-11-03,110.44000,13.019500,152.42050,82.28300,206.42999,17.86733
2020-11-04,114.95000,13.79425,162.057999,87.29250,216.39000,19.74000
2020-11-05,119.029999,14.16000,166.10001,88.125,223.28999,22.34333
2020-11-06,118.69000,14.56200,165.56850,87.98650,223.72000,23.49267
2020-11-09,116.32000,13.63075,157.18700,88.070999,218.39000,22.59533
2020-11-10,115.97000,12.77000,151.75101,86.88600,211.0099945,20.56333
2020-11-11,119.49000,13.41800,156.86951,87.36150,216.55000,22.80400
2020-11-12,119.21000,13.45675,155.51401,87.14100,215.44000,21.92133
2020-11-13,119.26000,13.29700,156.44051,88.61300,216.50999,22.73467
2020-11-16,120.30000,13.51525,156.55299,88.70150,217.23000,24.41133
2020-11-17,119.39000,13.42225,156.78300,88.083000,214.46001,23.81667
2020-11-18,118.029999,13.42875,155.27299,87.031998,211.080002,23.31133
2020-11-19,118.64000,13.44025,155.85100,87.92850,212.42000,24.39333
2020-11-20,117.34000,13.087750,154.97000,86.81900,210.39000,23.99733
2020-11-23,113.85000,13.14000,154.91949,86.37800,210.11000,25.083332
2020-11-24,115.17000,12.95775,155.90300,88.19500,213.86000,25.48867
2020-11-25,116.029999,13.23475,159.25349,88.20650,213.87000,25.21600
2020-11-27,116.59000,13.26125,159.76700,89.35100,215.23000,26.084000
2020-11-30,119.050003,13.40150,158.40199,87.72000,214.070007,27.064667
2020-12-01,122.72000,13.39000,161.0039978,89.76800,216.21001,28.50067
2020-12-02,123.080002,13.54450,160.17650,91.24850,215.37000,28.71733
2020-12-03,122.94000,13.39600,159.33650,91.092003,214.24001,28.76067
2020-12-04,122.25,13.55825,158.12900,91.18800,214.36000,31.15467
2020-12-07,123.75,13.60675,157.89999,90.85150,214.28999,31.56200
2020-12-08,124.38000,13.35000,158.86450,90.56650,216.0099945,31.96000
2020-12-09,121.78000,12.93075,155.21001,88.89300,211.80000,29.22667
2020-12-10,123.24000,12.97225,155.074493,88.38250,210.52000,29.17000
2020-12-11,122.41000,13.013250,155.82100,88.74000,213.25999,28.16333
2020-12-14,121.78000,13.30875,157.84850,87.61300,214.20000,29.22400
2020-12-15,127.88000,13.36050,158.25600,88.054001,214.13000,30.44267
2020-12-16,127.81000,13.24250,162.048004,87.85950,219.28000,30.37533
2020-12-17,128.70000,13.34125,161.80400,87.025497,219.42000,30.53800
2020-12-18,126.66000,13.27200,160.082504,86.31100,218.59000,30.13933
2020-12-21,128.23000,13.33225,160.30901,86.72800,222.59000,29.54600
2020-12-22,131.88000,13.27825,160.32600,86.011002,223.94000,29.43333
2020-12-23,130.96001,13.0092497,159.26350,86.41150,221.020004,28.82200
2020-12-24,131.97000,12.99375,158.63451,86.70800,222.75,29.65400
2020-12-28,136.69000,12.90000,164.19800,88.69800,224.96001,29.48533
2020-12-29,134.87000,12.94325,166.10001,87.88800,224.14999,29.25867
2020-12-30,133.72000,13.14575,164.29250,86.8125,221.67999,30.77133
2020-12-31,132.69000,13.055000,162.84650,87.63200,222.42000,31.098667
2021-01-04,129.41000,13.11350,159.33150,86.30650,217.69000,30.66933
2021-01-05,131.0099945,13.40475,160.92551,87.0025024,217.89999,32.44600
2021-01-06,126.60000,12.61450,156.91901,86.14400,212.25,32.20733
2021-01-07,130.92000,13.34400,158.10800,88.71700,218.28999,35.75667
2021-01-08,132.050003,13.27675,159.13499,89.89150,219.62000,35.78667
2021-01-11,128.98000,13.62150,155.71049,87.81450,217.49001,37.090000
2021-01-12,128.80000,13.48475,156.041504,86.87150,214.92999,37.81867
2021-01-13,130.89000,13.53175,158.29449,87.36250,216.34000,37.91933
2021-01-14,128.91000,13.20025,156.37350,86.54600,213.020004,40.38667
2021-01-15,127.14000,12.85950,155.21249,86.38100,212.64999,37.82400
2021-01-19,127.83000,13.025250,156.037994,89.22350,216.44000,41.66667
2021-01-20,132.029999,13.36575,163.16901,94.0035019,224.34000,41.31933
2021-01-21,136.87000,13.86750,165.34950,94.20750,224.97000,43.15867
2021-01-22,139.070007,13.71250,164.61150,94.62800,225.95000,40.79000
2021-01-25,142.92000,13.65325,164.70000,94.71400,229.53000,40.96533
2021-01-26,143.16000,13.43525,166.30650,95.39750,232.33000,39.055332
2021-01-27,142.059998,12.91775,161.62900,90.94700,232.89999,33.14400
2021-01-28,137.089996,13.051000,161.88100,92.66000,238.92999,35.13400
2021-01-29,131.96001,12.98975,160.31000,91.36800,231.96001,33.40067
2021-02-01,134.14000,13.23700,167.14400,94.65350,239.64999,37.34800
2021-02-02,134.99001,13.55675,169,95.95600,239.50999,39.048000
2021-02-03,133.94000,13.53050,165.62650,102.94400,243,36.63267
2021-02-04,137.39000,13.66425,166.55000,102.68150,242.0099945,37.53800
2021-02-05,136.75999,13.59100,167.60750,104.44150,242.20000,36.72267
2021-02-08,136.91000,14.43875,166.14700,104.22600,242.47000,40.13333
2021-02-09,136.0099945,14.26325,165.25,103.76950,243.77000,39.62200
2021-02-10,135.39000,14.76425,164.32899,104.32400,242.82001,39.99667
2021-02-11,135.13000,15.25075,163.10651,104.4375,244.49001,44.16467
2021-02-12,135.37000,14.96125,163.88550,104.75150,244.99001,45.77200
2021-02-16,133.19000,15.33025,163.44749,105.53500,243.70000,46.58200
2021-02-17,130.84000,14.90600,165.43201,105.93100,244.20000,44.010666
2021-02-18,129.71001,14.82900,166.41150,105.29050,243.78999,42.68533
2021-02-19,129.87000,14.92650,162.49500,104.44050,240.97000,45.79867
2021-02-22,126,14.35575,159.037003,102.71300,234.50999,40.80667
2021-02-23,125.86000,14.14200,159.72501,103.0059967,233.27000,39.97867
2021-02-24,125.35000,14.49900,157.97650,104.19050,234.55000,43.74533
2021-02-25,120.99000,13.30750,152.85800,100.79750,228.99001,36.21867
2021-02-26,121.26000,13.71450,154.64650,101.095497,232.38000,38.71067
2021-03-01,127.79000,13.84175,157.30701,103.48300,236.94000,42.55800
2021-03-02,125.12000,13.40625,154.72650,103.22400,233.87000,38.55000
2021-03-03,122.059998,12.80475,150.25,100.57050,227.56000,35.0099983
2021-03-04,120.13000,12.37025,148.87849,101.69650,226.73000,29.98000
2021-03-05,121.42000,12.46150,150.022995,104.85350,231.60001,32.75
2021-03-08,116.36000,11.59325,147.59750,100.375,227.39000,27.52000
2021-03-09,121.089996,12.52025,153.14250,102.017998,233.78000,32.45000
2021-03-10,119.98000,12.46825,152.88200,101.80950,232.42000,30.72000
2021-03-11,121.96000,12.99350,155.67950,105.027000,237.13000,34.47000
2021-03-12,121.029999,12.85600,154.47450,102.5,235.75,33.42000
2021-03-15,123.99000,13.19125,154.084000,102.72200,234.81000,35.57000
2021-03-16,125.57000,13.29125,154.59300,104.19450,237.71001,36.98000
2021-03-17,124.76000,13.34125,156.78650,104.11100,237.039993,38.42000
2021-03-18,120.53000,12.72250,151.39951,101.067001,230.72000,33.71000
2021-03-19,119.99000,12.84575,153.74800,101.34800,230.35001,34.75
2021-03-22,123.39000,13.18625,155.54350,101.53450,235.99001,37
2021-03-23,122.54000,13.070750,156.875,102.066498,237.58000,34.029999
2021-03-24,120.089996,12.64300,154.35350,101.62650,235.46001,32.59000
2021-03-25,120.59000,12.53525,152.31300,101.62300,232.34000,32.81000
2021-03-26,121.21000,12.83925,152.60150,101.23650,236.48000,37.69000
2021-03-29,121.39000,12.94825,153.78650,102.28950,235.24001,35.79000
2021-03-30,119.90000,12.87175,152.76450,102.32350,231.85001,35.52000
2021-03-31,122.15000,13.34825,154.70399,103.12600,235.77000,38.21000
2021-04-01,123,13.81175,158.050003,106.48900,242.35001,42.41000
2021-04-05,125.90000,13.98750,161.33650,110.94800,249.070007,45
2021-04-06,126.21000,13.86150,161.19099,110.46300,247.86000,43.38000
2021-04-07,127.90000,14.14350,163.96950,111.95150,249.89999,43.38000
2021-04-08,130.36000,14.31700,164.96500,112.52150,253.25,44.79000
2021-04-09,133,14.40000,168.61000,113.53350,255.85001,44.48000
2021-04-12,131.24001,15.20900,168.96950,112.23100,255.91000,43.090000
2021-04-13,134.42999,15.67950,170,112.72150,258.48999,42.69000
2021-04-14,132.029999,15.27700,166.64999,112.095497,255.59000,41.27000
2021-04-15,134.5,16.13725,168.95450,114.26250,259.5,43.47000
2021-04-16,134.16000,15.91250,169.97200,114.13750,260.73999,42.75
2021-04-19,134.84000,15.36175,168.60049,114.48800,258.73999,39.60000
2021-04-20,133.11000,15.17125,166.73450,113.95050,258.26001,37.71000
2021-04-21,133.5,15.36050,168.10100,113.91750,260.57999,40.75
2021-04-22,131.94000,14.85025,165.45200,112.62600,257.17001,37.98000
2021-04-23,134.32001,15.26525,167.044006,114.99650,261.14999,40.15000
2021-04-26,134.72000,15.47800,170.45000,115.49650,261.54999,42.21000
2021-04-27,134.39000,15.38175,170.87151,114.54900,261.97000,41.34000
2021-04-28,133.58000,15.27675,172.92500,117.95200,254.56000,39.42000
2021-04-29,133.48000,15.32475,173.56551,119.63800,252.50999,40.31000
2021-04-30,131.46001,15.0094995,173.37100,117.67500,252.17999,36.90000
2021-05-03,132.53999,14.83675,169.32449,117.15400,251.86000,35.61000
2021-05-04,127.85000,14.35125,165.59351,115.34150,247.78999,33.97000
2021-05-05,128.10001,14.45850,163.52699,115.73850,246.47000,34.55000
2021-05-06,129.74001,14.52300,165.31850,116.86750,249.73000,35.40000
2021-05-07,130.21001,14.81225,164.58051,117.59650,252.46001,36.93000
2021-05-10,126.85000,14.26575,159.52451,114.58750,247.17999,31.93000
2021-05-11,125.91000,14.30625,161.19550,113.50300,246.23000,32.11000
2021-05-12,122.77000,13.75850,157.59700,110.012497,239,28.13000
2021-05-13,124.97000,13.66525,158.073502,111.45200,243.029999,29.33000
2021-05-14,127.45000,14.24300,161.14500,113.91900,248.14999,31.93000
2021-05-17,126.27000,14.16550,163.51950,114.44600,245.17999,31.10000
2021-05-18,124.85000,14.015750,161.61400,113.12350,243.080002,30.29000
2021-05-19,124.69000,14.065750,161.59000,113.57500,243.12000,32.049999
2021-05-20,127.31000,14.61250,162.38400,115.34750,246.48000,34.64000
2021-05-21,125.43000,14.99175,160.15401,114.70650,245.17000,34.14000
2021-05-24,127.099998,15.61200,162.24950,118.052002,250.78000,36.53000
2021-05-25,126.90000,15.64775,162.95250,118.14350,251.72000,36.94000
2021-05-26,126.85000,15.70000,163.25800,119.015503,251.49001,37.18000
2021-05-27,125.28000,15.48800,161.50549,118.13400,249.31000,37.86000
2021-05-28,124.61000,16.24450,161.15350,117.84250,249.67999,38.78000
2021-06-01,124.28000,16.26450,160.93250,119.058998,247.39999,38.34000
2021-06-02,125.059998,16.77825,161.69949,118.52950,247.30000,39.19000
2021-06-03,123.54000,16.96975,159.35049,117.37900,245.71001,37.12000
2021-06-04,125.89000,17.57825,160.31100,119.67850,250.78999,39.74000
2021-06-07,125.90000,17.61900,159.90050,120.11500,253.81000,38.91000
2021-06-08,126.74000,17.45700,163.20551,119.92200,252.57001,38.17000
2021-06-09,127.13000,17.35825,164.057495,120.39700,253.59000,37.70000
2021-06-10,126.11000,17.42500,167.48250,121.75650,257.23999,39.040001
2021-06-11,127.35000,17.82525,167.34151,121.51000,257.89001,39.49000
2021-06-14,130.48000,18.018749,169.19350,122.44550,259.89001,41.17000
2021-06-15,129.64000,17.78850,169.15649,121.41950,258.35999,40.040001
2021-06-16,130.14999,17.81025,170.76250,120.77250,257.38000,39.18000
2021-06-17,131.78999,18.65725,174.46201,121.74350,260.89999,40.31000
2021-06-18,130.46001,18.63875,174.34500,120.11100,259.42999,37.32000
2021-06-21,132.30000,18.42725,172.69800,121.8125,262.63000,38.12000
2021-06-22,133.98000,18.88675,175.27200,122.33050,265.51001,38.60000
2021-06-23,133.70000,19.057249,175.19099,122.12700,265.26999,39.049999
2021-06-24,133.41000,19.20550,172.45399,122.5,266.69000,41.080002
2021-06-25,133.11000,19.031000,170.072998,122.50850,265.019989,40.66000
2021-06-28,134.78000,19.98500,172.19450,122.53600,268.72000,43.65000
2021-06-29,136.33000,20.026751,172.40700,122.27250,271.39999,44.64000
2021-06-30,136.96001,20.0025005,172.0079956,122.089500,270.89999,44.54000
2021-07-01,137.27000,20.21200,171.64850,122.44450,271.60001,42.57000
2021-07-02,139.96001,20.48700,175.54900,125.25750,277.64999,43.32000
2021-07-06,142.020004,20.69850,183.78700,126.19000,277.66000,43.040001
2021-07-07,144.57001,20.37175,184.82899,126.47400,279.92999,41.24000
2021-07-08,143.24001,19.90275,186.57050,125.043999,277.42001,39.78000
2021-07-09,145.11000,20.050249,185.96700,125.51850,277.94000,41.77000
2021-07-12,144.5,20.51250,185.92751,126.97550,277.32001,43.33000
2021-07-13,145.64000,20.25,183.86800,127.34150,280.98001,42.62000
2021-07-14,149.14999,19.84150,184.084000,128.23700,282.51001,42.16000
2021-07-15,148.48000,18.96625,181.56000,127.0049973,281.029999,39.42000
2021-07-16,146.39000,18.16100,178.68150,126.97000,280.75,36.76000
2021-07-19,142.45000,18.77975,177.47951,124.57800,277.010010,36.84000
2021-07-20,146.14999,18.61200,178.65950,126.20950,279.32001,38.34000
2021-07-21,145.39999,19.41000,179.25999,127.54900,281.39999,41.85000
2021-07-22,146.80000,19.59400,181.90150,128.42149,286.14001,40.74000
2021-07-23,148.56000,19.55800,182.83200,133.014999,289.67001,41.55000
2021-07-26,148.99001,19.29400,184.99100,134.035004,289.049988,41.45000
2021-07-27,146.77000,19.20800,181.31950,131.89999,286.54001,39.15000
2021-07-28,144.98000,19.50300,181.51601,136.093994,286.22000,41.18000
2021-07-29,145.64000,19.66200,179.99600,135.77750,286.5,43.45000
2021-07-30,145.86000,19.49900,166.37950,134.72650,284.91000,44.39000
2021-08-02,145.52000,19.75,166.57401,134.85451,284.82001,45.21000
2021-08-03,147.36000,19.81500,168.31200,135.63000,287.12000,45.97000
2021-08-04,146.95000,20.27400,167.73599,135.12550,286.51001,47.61000
2021-08-05,147.059998,20.63700,168.79950,136.25150,289.51999,47.17000
2021-08-06,146.14000,20.36600,167.24699,135.73849,289.45999,46.63000
2021-08-09,146.089996,20.29500,167.093506,136.91299,288.32999,46.15000
2021-08-10,145.60001,19.93600,166.033997,136.80701,286.44000,44.45000
2021-08-11,145.86000,19.69900,164.60550,136.27901,286.95001,44.17000
2021-08-12,148.89000,19.90500,165.17500,137.19400,289.81000,42.62000
2021-08-13,149.10001,20.18800,164.69850,137.72749,292.85001,43.48000
2021-08-16,151.12000,19.95000,164.94949,138.30949,294.60001,43.0099983
2021-08-17,150.19000,19.45800,162.098007,136.66150,293.079987,40.46000
2021-08-18,146.36000,19.040001,160.061005,135.44901,290.73001,38.66000
2021-08-19,146.70000,19.79800,159.38750,135.67999,296.76999,39.63000
2021-08-20,148.19000,20.81600,159.99750,137.42950,304.35999,40.43000
2021-08-23,149.71001,21.95800,163.29350,140.041504,304.64999,43.69000
2021-08-24,149.62000,21.79300,165.28900,141.26151,302.62000,43.73000
2021-08-25,148.36000,22.21300,164.95900,142.078995,302.010010,44.78000
2021-08-26,147.53999,22.068001,165.80000,141.44051,299.089996,44.68000
2021-08-27,148.60001,22.63600,167.48151,144.0039978,299.72000,47.30000
2021-08-30,153.12000,22.68800,171.078506,144.59050,303.59000,47.74000
2021-08-31,151.83000,22.38500,173.53951,144.69749,301.88000,46.55000
2021-09-01,152.50999,22.44100,173.95000,145.21550,301.82999,45.96000
2021-09-02,153.64999,22.39600,173.15601,143.28700,301.14999,46.30000
2021-09-03,154.30000,22.84300,173.90250,143.73950,301.14001,47.24000
2021-09-07,156.69000,22.66200,175.46449,144.28050,300.17999,46.77000
2021-09-08,155.11000,22.33900,176.27499,143.69099,300.20999,44.95000
2021-09-09,154.070007,22.17700,174.20799,143.54100,297.25,45.55000
2021-09-10,148.97000,22.47800,173.45750,140.87601,295.70999,46.59000
2021-09-13,149.55000,22.15200,172.85851,142.33250,296.98999,47.87000
2021-09-14,148.12000,22.24200,172.5,142.54449,299.79001,47.87000
2021-09-15,149.029999,22.34100,173.78951,144.42950,304.82001,48.59000
2021-09-16,148.78999,22.24200,174.41200,143.61000,305.22000,49.070000
2021-09-17,146.059998,21.90000,173.12601,140.80000,299.87000,46.75
2021-09-20,142.94000,21.11300,167.78650,138.71950,294.29999,43.30000
2021-09-21,143.42999,21.24600,167.18150,139.033005,294.79999,43.60000
2021-09-22,145.85001,21.94100,169.0025024,140.28349,298.57999,46.26000
2021-09-23,146.83000,22.48200,170.80000,141.21600,299.56000,48.099998
2021-09-24,146.92000,22.080999,171.27600,142.21500,299.35001,47.95000
2021-09-27,145.37000,21.66000,170.28999,141.072006,294.17001,47.69000
2021-09-28,141.91000,20.69900,165.79800,135.83000,283.51999,42.23000
2021-09-29,142.83000,20.51700,165.056000,134.35350,284,40.12000
2021-09-30,141.5,20.71600,164.25200,133.67599,281.92001,40.040001
2021-10-01,142.64999,20.74200,164.16299,136.54300,289.10001,40.070000
2021-10-04,139.14000,19.73200,159.48900,133.65950,283.10999,37.020000
2021-10-05,141.11000,20.45100,161.050003,136.022995,288.76001,38.65000
2021-10-06,142,20.70000,163.10049,137.56500,293.10999,39.060001
2021-10-07,143.28999,21.075001,165.12151,139.22501,294.85001,40.39000
2021-10-08,142.89999,20.83100,164.43100,139.78551,294.85001,39.33000
2021-10-11,142.81000,20.69500,162.31500,138.91400,294.23001,38.38000
2021-10-12,141.50999,20.67100,162.36650,136.44901,292.88000,37.049999
2021-10-13,140.91000,20.93900,164.21400,137.58200,296.31000,37.65000
2021-10-14,143.75999,21.74600,164.99300,141.15100,302.75,41.049999
2021-10-15,144.84000,21.86200,170.45100,141.36800,304.20999,41.84000
2021-10-18,146.55000,22.22200,172.33701,142.77800,307.29001,42.86000
2021-10-19,148.75999,22.29000,172.20750,143.23700,308.23001,44.43000
2021-10-20,149.25999,22.10300,170.75301,141.76900,307.41000,44.20000
2021-10-21,149.48000,22.69200,171.75050,141.88600,310.76001,45.59000
2021-10-22,148.69000,22.72600,166.77750,137.56650,309.16000,44.049999
2021-10-25,148.64000,23.16600,166.018494,137.44701,308.13000,45.060001
2021-10-26,149.32001,24.71700,168.80350,139.30850,310.10999,44.96000
2021-10-27,148.85001,24.45100,169.62450,146.21750,323.17001,44.090000
2021-10-28,152.57001,24.94100,172.32851,145.84900,324.35001,47
2021-10-29,149.80000,25.56700,168.62151,148.046005,331.62000,47.65000
2021-11-01,148.96001,25.82700,165.90550,143.49699,329.37000,49.96000
2021-11-02,150.020004,26.40100,165.63750,145.43250,333.13000,51.82000
2021-11-03,151.49001,26.59800,169.20000,146.59801,334,53.67000
2021-11-04,150.96001,29.80100,173.85001,148.26750,336.44000,59.080002
2021-11-05,151.28000,29.75200,175.94949,148.85201,336.059998,60.91000
2021-11-08,150.44000,30.80400,174.44901,149.031006,336.98999,63.54000
2021-11-09,150.81000,30.65700,178.81149,148.91850,335.95001,63.40000
2021-11-10,147.92000,29.45900,174.10249,145.89349,330.79999,57.95000
2021-11-11,147.87000,30.39000,173.625,145.76649,332.42999,61.64000
2021-11-12,149.99001,30.39000,176.25751,148.67799,336.72000,63.35000
2021-11-15,150,30.025000,177.28400,148.45200,336.070007,63.20000
2021-11-16,151,30.20300,177.035004,147.87601,339.51001,66.15000
2021-11-17,153.49001,29.26100,177.45000,148.046997,339.12000,64.52000
2021-11-18,157.87000,31.67500,184.80299,149.83850,341.26999,67.98000
2021-11-19,160.55000,32.98500,183.82851,148.92650,343.10999,68.61000
2021-11-22,161.020004,31.95600,178.62849,146.30200,339.82999,65.43000
2021-11-23,161.41000,31.74600,179.0019989,145.78200,337.67999,64.74000
2021-11-24,161.94000,32.67400,179.020493,146.12000,337.91000,66.88000
2021-11-26,156.81000,31.50300,175.22800,142.18300,329.67999,61.37000
2021-11-29,160.24001,33.37600,178.078506,145.53050,336.63000,68.41000
2021-11-30,165.30000,32.67600,175.35350,141.89751,330.59000,64.67000
2021-12-01,164.77000,31.43500,172.18600,141.051498,330.079987,63.16000
2021-12-02,163.75999,32.12600,171.86800,142.96600,329.48999,63.25
2021-12-03,161.84000,30.69300,169.48950,142.0014954,323.010010,62.93000
2021-12-06,165.32001,30.037001,171.36850,143.15500,326.19000,62.60000
2021-12-07,171.17999,32.42700,176.16451,147.26950,334.92001,71.99000
2021-12-08,175.080002,31.82600,176.15800,148.18649,334.97000,70.69000
2021-12-09,174.56000,30.49000,174.17101,147.63850,333.10001,65.90000
2021-12-10,179.45000,30.19800,172.21201,148.0014954,342.54001,67.60000
2021-12-13,175.74001,28.16100,169.56750,145.82651,339.39999,62.34000
2021-12-14,174.33000,28.33700,169.091507,143.90700,328.34000,61.52000
2021-12-15,179.30000,30.45900,173.31500,146.44099,334.64999,68.12000
2021-12-16,172.25999,28.38700,168.87100,144.44501,324.89999,59.23000
2021-12-17,171.14000,27.80100,170.017502,141.72501,323.79999,58.96000
2021-12-20,169.75,27.71900,167.078995,141.60699,319.91000,57.55000
2021-12-21,172.99001,29.075001,170.41701,143.47250,327.29001,63.5
2021-12-22,175.64000,29.40000,171.037003,146.41499,333.20001,65.38000
2021-12-23,176.28000,29.64000,171.068497,146.91650,334.69000,67.41000
2021-12-27,180.33000,30.94500,169.66949,147.90649,342.45001,72.99000
2021-12-28,179.28999,30.32200,170.66100,146.68700,341.25,70.52000
2021-12-29,179.38000,30.00099945,169.20100,146.65500,341.95001,71
2021-12-30,178.20000,29.58600,168.64450,146.20050,339.32001,68.36000
2021-12-31,177.57001,29.41100,166.71700,144.85201,336.32001,68.010002
2022-01-03,182.0099945,30.12100,170.40450,144.99150,334.75,72.099998
2022-01-04,179.70000,29.29000,167.52200,144.39951,329.010010,71.070000
2022-01-05,174.92000,27.60400,164.35699,137.77499,316.38000,64.010002
2022-01-06,172,28.17800,163.25400,137.74750,313.88000,65.54000
2022-01-07,172.17000,27.24700,162.55400,137.016998,314.040009,59.74000
2022-01-10,172.19000,27.40000,161.48599,138.66949,314.26999,60
2022-01-11,175.080002,27.81700,165.36200,139.73599,314.98001,63.29000
2022-01-12,175.53000,27.99900,165.20700,141.43050,318.26999,64.58000
2022-01-13,172.19000,26.57500,161.21400,138.58701,304.79999,60.20000
2022-01-14,173.070007,26.94200,162.13800,139.48050,310.20001,64.48000
2022-01-18,169.80000,25.90300,158.91750,135.99800,302.64999,55.98000
2022-01-19,166.23000,25.066999,156.29900,135.11650,303.32999,50.82000
2022-01-20,164.50999,24.15000,151.66750,133.30750,301.60001,45.99000
2022-01-21,162.41000,23.37400,142.64301,130.35150,296.029999,43.71000
2022-01-24,161.62000,23.37200,144.54401,130.80400,296.37000,45.45000
2022-01-25,159.78000,22.32400,139.98599,126.93500,288.48999,40.19000
2022-01-26,159.69000,22.77200,138.87250,129.23300,296.70999,42.12000
2022-01-27,159.22000,21.94400,139.63750,129.0050049,299.84000,36.36000
2022-01-28,170.33000,22.84000,143.97800,133.35100,308.26001,38.41000
2022-01-31,174.78000,24.48600,149.57350,135.30350,310.98001,44.58000
2022-02-01,174.61000,24.63800,151.19350,137.64400,308.76001,45.91000
2022-02-02,175.84000,25.24200,150.61250,148,313.45999,49.34000
2022-02-03,172.89999,23.94800,138.84550,143.089996,301.25,42.63000
2022-02-04,172.39000,24.31900,157.63950,143.29300,305.94000,43.46000
2022-02-07,171.66000,24.72800,157.93550,139.20100,300.95001,43.41000
2022-02-08,174.83000,25.10800,161.41350,139.39900,304.56000,46.60000
2022-02-09,176.28000,26.70500,161.18950,141.59200,311.20999,51.020000
2022-02-10,172.12000,25.82400,159.0034943,138.62000,302.38000,46.42000
2022-02-11,168.64000,23.94900,153.29350,134.28250,295.040009,39.54000
2022-02-14,168.88000,24.26700,155.16701,135.52600,295,39.59000
2022-02-15,172.78999,26.49500,156.51050,136.60851,300.47000,46.0099983
2022-02-16,172.55000,26.51100,158.10049,137.73801,299.5,46.099998
2022-02-17,168.88000,24.50700,154.65250,132.53900,290.73001,40.87000
2022-02-18,167.30000,23.64200,152.60150,130.40300,287.92999,39.63000
2022-02-22,164.32001,23.39000,150.19749,129.81351,287.72000,38.61000
2022-02-23,160.070007,22.38700,144.82700,127.58800,280.26999,35.91000
2022-02-24,162.74001,23.74800,151.35800,132.69099,294.59000,39.94000
2022-02-25,164.85001,24.15700,153.78850,134.45950,297.31000,41.78000
2022-02-28,165.12000,24.38500,153.56300,135.057007,298.79001,41.0099983
2022-03-01,163.20000,23.47700,151.14200,134.061493,294.95001,36.58000
2022-03-02,166.56000,24.22000,152.052505,134.57150,300.19000,40.12000
2022-03-03,166.23000,23.71400,147.89850,133.89951,295.92001,37.55000
2022-03-04,163.17000,22.93600,145.64101,131.90649,289.85999,34.77000
2022-03-07,159.30000,21.35200,137.45300,126.37850,278.91000,29.58000
2022-03-08,157.44000,21.51400,136.014496,127.10450,275.85001,31.16000
2022-03-09,162.95000,23.014000,139.27901,133.42000,288.5,34.93000
2022-03-10,158.52000,22.65800,146.81750,132.42950,285.59000,32.75
2022-03-11,154.73000,22.10000,145.52451,129.87050,280.070007,30.69000
2022-03-14,150.62000,21.33000,141.85300,125.95100,276.44000,27.91000
2022-03-15,155.089996,22.97300,147.36650,129.19800,287.14999,31.51000
2022-03-16,159.59000,24.49600,153.10400,133.28050,294.39001,36.30000
2022-03-17,160.62000,24.76600,157.23900,133.83900,295.22000,36.95000
2022-03-18,163.98000,26.45300,161.25050,136.12550,300.42999,39.17000
2022-03-21,165.38000,26.73400,161.49150,136.10150,299.16000,39
2022-03-22,168.82001,26.52400,164.88901,139.86800,304.059998,39.59000
2022-03-23,170.21001,25.63400,163.40800,138.27550,299.48999,36.69000
2022-03-24,174.070007,28.15000,163.64951,141.57201,304.10001,42.090000
2022-03-25,174.72000,27.69200,164.77350,141.67300,303.67999,42.0099983
2022-03-28,175.60001,28.21900,168.99049,141.45551,310.70001,42.71000
2022-03-29,178.96001,28.65600,169.31500,142.50549,315.41000,45.58000
2022-03-30,177.77000,27.69000,166.30099,141.93851,313.85999,41.35000
2022-03-31,174.61000,27.28600,162.99750,139.067505,308.31000,38.78000
2022-04-01,174.31000,26.71200,163.56000,140.15050,309.42001,36.29000
2022-04-04,178.44000,27.36000,168.34650,142.97150,314.97000,37.96000
2022-04-05,175.059998,25.93100,164.054993,140.59100,310.88000,32.88000
2022-04-06,171.83000,24.40700,158.75600,136.54800,299.5,30.51000
2022-04-07,172.14000,24.20800,157.78450,135.88850,301.37000,30.51000
2022-04-08,170.089996,23.11900,154.46049,133.28751,296.97000,28.29000
2022-04-11,165.75,21.91700,151.12199,128.82350,285.26001,26.49000
2022-04-12,167.66000,21.50400,150.78751,127.71450,282.059998,26.24000
2022-04-13,170.39999,22.20300,155.54100,129.89400,287.62000,28.030001
2022-04-14,165.28999,21.25800,151.70650,126.73000,279.82999,25.61000
2022-04-18,165.070007,21.78300,152.78500,127.67650,280.51999,26.98000
2022-04-19,167.39999,22.19800,158.11549,130.0090027,285.29999,28.75
2022-04-20,167.23000,21.48200,153.99800,128.039993,286.35999,28.5
2022-04-21,166.42000,20.18300,148.29601,124.81450,280.81000,26.21000
2022-04-22,161.78999,19.51500,144.35001,119.63550,274.029999,24.45000
2022-04-25,162.88000,19.90200,146.074005,123.073997,280.72000,25.67000
2022-04-26,156.80000,18.78800,139.39101,118.65000,270.22000,22.43000
2022-04-27,156.57001,18.41500,138.16701,114.29450,283.22000,21.95000
2022-04-28,163.64000,19.78200,144.59650,118.52250,289.63000,25.58000
2022-04-29,157.64999,18.54700,124.28150,114.10950,277.51999,22.24000
2022-05-02,157.96001,19.53300,124.5,116.58300,284.47000,24.5
2022-05-03,159.48000,19.60200,124.25350,117.33400,281.78000,25.11000
2022-05-04,166.020004,20.33400,125.92850,122.26100,289.98001,28.020000
2022-05-05,156.77000,18.84400,116.40700,116.50550,277.35001,23.99000
2022-05-06,157.28000,18.67500,114.77250,115.74650,274.73001,23.35000
2022-05-09,152.059998,16.95000,108.78900,112.51100,264.57999,19.72000
2022-05-10,154.50999,17.59500,108.85900,114.39500,269.5,21.090000
2022-05-11,146.5,16.63000,105.37200,113.60250,260.54999,19.15000
2022-05-12,142.56000,16.17500,106.93050,112.84400,255.35001,19.41000
2022-05-13,147.11000,17.70600,113.055000,116.050499,261.12000,22.49000
2022-05-16,145.53999,17.26400,110.81050,114.44500,261.5,21.37000
2022-05-17,149.24001,18.17700,115.36850,116.47300,266.82001,24.58000
2022-05-18,140.82001,16.93800,107.11250,111.89950,254.080002,20.85000
2022-05-19,137.35001,17.12400,107.31900,110.38400,253.14000,20.51000
2022-05-20,137.59000,16.69400,107.59100,108.90800,252.56000,20.36000
2022-05-23,143.11000,16.89800,107.55700,111.48800,260.64999,20.63000
2022-05-24,140.36000,16.15400,104.099998,105.97000,259.62000,19.10000
2022-05-25,140.52000,16.97500,106.77500,105.80500,262.51999,20.19000
2022-05-26,143.78000,17.85100,111.077499,107.79250,265.89999,22.54000
2022-05-27,149.64000,18.81100,115.14650,112.31650,273.23999,25.26000
2022-05-31,148.84000,18.67200,120.20950,113.76200,271.87000,24.86000
2022-06-01,148.71001,18.32000,121.68400,113.89200,272.42001,23.71000
2022-06-02,151.21001,19.59200,125.51100,117.62250,274.57999,26.20000
2022-06-03,145.38000,18.72000,122.35000,114.54100,270.019989,23.93000
2022-06-06,146.14000,18.78600,124.79000,116.82050,268.75,23.91000
2022-06-07,148.71001,18.92600,123,117.14950,272.5,24.60000
2022-06-08,147.96001,18.64800,121.18000,117.19400,270.41000,22.91000
2022-06-09,142.64000,18.048000,116.15000,114.83550,264.79001,21.090000
2022-06-10,137.13000,16.97400,109.65000,111.16150,252.99001,18.81000
2022-06-13,131.88000,15.64700,103.67000,106.39250,242.25999,15.55000
2022-06-14,132.75999,15.83600,102.31000,106.71550,244.49001,15.76000
2022-06-15,135.42999,16.52700,107.67000,109.76450,251.75999,16.61000
2022-06-16,130.059998,15.60100,103.66000,106.033501,244.97000,13.57000
2022-06-17,131.56000,15.88000,106.22000,107.14350,247.64999,13.70000
2022-06-21,135.87000,16.56600,108.68000,111.54400,253.74001,14.80000
2022-06-22,135.35001,16.36000,108.95000,111.48750,253.13000,14.29000
2022-06-23,138.27000,16.22500,112.44000,112.24200,258.85999,14.010000
2022-06-24,141.66000,17.12600,116.46000,117.97500,267.70001,15.81000
2022-06-27,141.66000,16.86900,113.22000,115.83350,264.89001,15.80000
2022-06-28,137.44000,15.98200,107.40000,112.0074997,256.48001,14.56000
2022-06-29,139.23000,15.54200,108.92000,111.70150,260.26001,13.55000
2022-06-30,136.72000,15.15900,106.21000,108.96300,256.82999,13.10000
2022-07-01,138.92999,14.52300,109.56000,108.73750,259.57999,11.60000
2022-07-05,141.56000,14.96400,113.5,113.26300,262.85001,11.85000
2022-07-06,142.92000,15.13000,114.33000,114.57200,266.20999,12.090000
2022-07-07,146.35001,15.85800,116.33000,118.78300,268.39999,13.71000
2022-07-08,147.039993,15.83800,115.54000,119.35350,267.66000,13.91000
2022-07-11,144.87000,15.15200,111.75,115.67650,264.51001,12.91000
2022-07-12,145.86000,15.082000,109.22000,114.020500,253.67000,12.97000
2022-07-13,145.49001,15.16400,110.40000,111.35350,252.72000,13.29000
2022-07-14,148.47000,15.37200,110.63000,110.36750,254.080002,14.070000
2022-07-15,150.17000,15.76200,113.55000,111.77750,256.72000,15.11000
2022-07-18,147.070007,16.10100,113.76000,109.029999,254.25,14.92000
2022-07-19,151,16.99200,118.21000,113.81000,259.53000,16.95000
2022-07-20,153.039993,17.80700,122.77000,113.90000,262.26999,18.20000
2022-07-21,155.35001,18.049999,124.63000,114.34000,264.84000,19.10000
2022-07-22,154.089996,17.31900,122.42000,107.90000,260.35999,17.65000
2022-07-25,152.95000,17.024000,121.14000,107.51000,258.82999,17.30000
2022-07-26,151.60001,16.53300,114.81000,105.019997,251.89999,16.43000
2022-07-27,156.78999,17.79000,120.97000,113.059998,268.73999,18.73000
2022-07-28,157.35001,17.98400,122.28000,114.22000,276.41000,19.37000
2022-07-29,162.50999,18.16300,134.95000,116.32000,280.73999,19.83000
2022-08-01,161.50999,18.44100,135.39000,114.86000,278.010010,20.010000
2022-08-02,160.0099945,18.52600,134.16000,115.13000,274.82001,19.92000
2022-08-03,166.13000,18.89300,139.52000,118.080002,282.47000,21.55000
2022-08-04,165.81000,19.21500,142.57001,118.19000,283.64999,22.070000
2022-08-05,165.35001,18.98900,140.80000,117.47000,282.91000,21.56000
2022-08-08,164.87000,17.79300,139.41000,117.30000,280.32001,20.54000
2022-08-09,164.92000,17.086000,137.83000,116.63000,282.29999,17.69000
2022-08-10,169.24001,18.097000,142.69000,119.70000,289.16000,19.91000
2022-08-11,168.49001,17.94200,140.64000,118.84000,287.019989,19.78000
2022-08-12,172.10001,18.70900,143.55000,121.68000,291.91000,21.60000
2022-08-15,173.19000,19.032000,143.17999,122.080002,293.47000,21.78000
2022-08-16,173.029999,18.87900,144.78000,121.70000,292.70999,21.14000
2022-08-17,174.55000,18.33500,142.10001,119.55000,291.32001,19.55000
2022-08-18,174.14999,18.77300,142.30000,120.17000,290.17001,20.89000
2022-08-19,171.52000,17.84900,138.23000,117.21000,286.14999,19.17000
2022-08-22,167.57001,17.034000,133.22000,114.24000,277.75,17.040001
2022-08-23,167.23000,17.18100,133.62000,113.86000,276.44000,17.33000
2022-08-24,167.53000,17.22200,133.80000,113.69000,275.79001,17.41000
2022-08-25,170.029999,17.91300,137.28000,116.65000,278.85001,19.32000
2022-08-26,163.62000,16.26000,130.75,110.34000,268.089996,15.98000
2022-08-29,161.38000,15.80100,129.78999,109.42000,265.23001,15.050000
2022-08-30,158.91000,15.46800,128.73000,108.94000,262.97000,14.47000
2022-08-31,157.22000,15.094000,126.77000,108.22000,261.47000,14.040000
2022-09-01,157.96001,13.93700,127.82000,109.74000,260.39999,13.22000
2022-09-02,155.81000,13.64700,127.51000,107.85000,256.059998,12.86000
2022-09-06,154.53000,13.46500,126.11000,106.81000,253.25,12.42000
2022-09-07,155.96001,13.71400,129.48000,109.45000,258.089996,12.99000
2022-09-08,154.46001,13.99000,129.82001,108.38000,258.51999,13.65000
2022-09-09,157.37000,14.38700,133.27000,110.65000,264.45999,14.65000
2022-09-12,163.42999,14.50500,136.45000,110.86000,266.64999,14.78000
2022-09-13,153.84000,13.13100,126.82000,104.32000,251.99001,12.090000
2022-09-14,155.31000,13.12800,128.55000,105,252.22000,12.46000
2022-09-15,152.37000,12.92900,126.28000,102.91000,245.38000,11.91000
2022-09-16,150.70000,13.19800,123.53000,102.80000,244.74001,12.060000
2022-09-19,154.48000,13.38200,124.66000,103.070000,244.52000,12.26000
2022-09-20,156.89999,13.17600,122.19000,101.14000,242.45000,11.70000
2022-09-21,153.72000,13.26100,118.54000,99.28000,238.95000,11.40000
2022-09-22,152.74001,12.56100,117.31000,100.14000,240.98000,10.51000
2022-09-23,150.42999,12.51600,113.78000,98.74000,237.92000,10.030000
2022-09-26,150.77000,12.22800,115.15000,98.17000,237.45000,9.55000
2022-09-27,151.75999,12.41300,114.41000,97.5,236.41000,9.81000
2022-09-28,149.84000,12.73600,118.010002,100.050003,241.070007,10.17000
2022-09-29,142.48000,12.22000,114.80000,97.42000,237.5,9.29000
2022-09-30,138.20000,12.13900,113,95.65000,232.89999,8.86000
2022-10-03,142.45000,12.51200,115.88000,98.64000,240.74001,9.70000
2022-10-04,146.10001,13.16700,121.089996,101.64000,248.88000,11.040000
2022-10-05,146.39999,13.20900,120.95000,101.43000,249.20000,11.42000
2022-10-06,145.42999,13.13000,120.30000,101.42000,246.78999,11.19000
2022-10-07,140.089996,12.076000,114.56000,98.68000,234.24001,9.21000
2022-10-10,140.42000,11.67000,113.67000,97.86000,229.25,8.28000
2022-10-11,138.98000,11.58600,112.21000,97.18000,225.41000,7.57000
2022-10-12,138.34000,11.5,112.90000,97.56000,225.75,7.34000
2022-10-13,142.99001,11.96000,112.53000,99.059998,234.24001,8
2022-10-14,138.38000,11.22700,106.90000,96.56000,228.56000,6.93000
2022-10-17,142.41000,11.88800,113.79000,99.97000,237.53000,7.33000
2022-10-18,143.75,11.96700,116.36000,100.77000,238.5,7.40000
2022-10-19,143.86000,12.051000,115.070000,99.63000,236.48000,7.57000
2022-10-20,143.39000,12.19400,115.25,99.97000,236.14999,7.70000
2022-10-21,147.27000,12.46600,119.32000,101.13000,242.12000,8.58000
2022-10-24,149.45000,12.59900,119.82000,102.52000,247.25,8.68000
2022-10-25,152.34000,13.26100,120.60000,104.48000,250.66000,9.26000
2022-10-26,149.35001,12.89600,115.66000,94.93000,231.32001,9.010000
2022-10-27,144.80000,13.17600,110.96000,92.22000,226.75,8.52000
2022-10-28,155.74001,13.83400,103.41000,96.29000,235.87000,9.5
2022-10-31,153.34000,13.49700,102.44000,94.51000,232.13000,8.92000
2022-11-01,150.64999,13.54300,96.79000,90.47000,228.17000,9.10000
2022-11-02,145.029999,13.21900,92.12000,86.97000,220.10001,8.24000
2022-11-03,138.88000,13.42100,89.30000,83.43000,214.25,7.89000
2022-11-04,138.38000,14.15600,90.98000,86.58000,221.39000,8.99000
2022-11-07,138.92000,14.30100,90.53000,88.49000,227.87000,9.59000
2022-11-08,139.5,14.60200,89.98000,88.90000,228.87000,10.17000
2022-11-09,134.87000,13.77600,86.14000,87.32000,224.50999,9.24000
2022-11-10,146.87000,15.75,96.63000,93.94000,242.98000,12.080000
2022-11-11,149.70000,16.32700,100.79000,96.41000,247.11000,13.22000
2022-11-14,148.28000,16.29500,98.49000,95.70000,241.55000,12.77000
2022-11-15,150.039993,16.66600,98.94000,98.44000,241.97000,13.87000
2022-11-16,148.78999,15.91000,97.12000,98.85000,241.73000,12.13000
2022-11-17,150.72000,15.67700,94.85000,98.36000,241.67999,12.37000
2022-11-18,151.28999,15.40900,94.14000,97.43000,241.22000,12.49000
2022-11-21,148.0099945,15.31700,92.46000,95.60000,242.050003,11.89000
2022-11-22,150.17999,16.038000,93.20000,97.050003,245.029999,12.90000
2022-11-23,151.070007,16.51900,94.13000,98.46000,247.58000,13.32000
2022-11-25,148.11000,16.27000,93.41000,97.46000,247.49001,12.86000
2022-11-28,144.22000,15.82700,93.95000,96.050003,241.75999,11.84000
2022-11-29,141.17000,15.63900,92.42000,95.19000,240.33000,11.73000
2022-11-30,148.029999,16.92300,96.54000,100.99000,255.14000,13.82000
2022-12-01,148.31000,17.13500,95.5,100.99000,254.69000,13.5
2022-12-02,147.81000,16.87600,94.13000,100.44000,255.020004,13.030000
2022-12-05,146.63000,16.61000,91.010002,99.48000,250.20000,12.59000
2022-12-06,142.91000,15.98700,88.25,96.98000,245.12000,11.72000
2022-12-07,140.94000,16.12000,88.46000,94.94000,244.37000,11.70000
2022-12-08,142.64999,17.16900,90.35000,93.71000,247.39999,12.62000
2022-12-09,142.16000,17.00099945,89.089996,92.83000,245.42000,12.32000
2022-12-12,144.49001,17.53500,90.55000,93.31000,252.50999,12.98000
2022-12-13,145.47000,18.072001,92.49000,95.63000,256.92001,13.63000
2022-12-14,143.21001,17.67400,91.58000,95.070000,257.22000,13
2022-12-15,136.5,16.95200,88.45000,90.86000,249.0099945,11.40000
2022-12-16,134.50999,16.57100,87.86000,90.26000,244.69000,11.11000
2022-12-19,132.37000,16.25400,84.92000,88.44000,240.45000,10.69000
2022-12-20,132.30000,16.084999,85.19000,89.019997,241.80000,10.41000
2022-12-21,135.45000,16.50100,86.77000,89.58000,244.42999,11.14000
2022-12-22,132.23000,15.33900,83.79000,87.76000,238.19000,9.78000
2022-12-23,131.86000,15.20600,85.25,89.23000,238.73000,9.77000
2022-12-27,130.029999,14.12100,83.040001,87.39000,236.96001,9.27000
2022-12-28,126.040001,14.036000,81.82000,86.019997,234.53000,8.86000
2022-12-29,129.61000,14.60300,84.18000,88.45000,241.0099945,9.67000
2022-12-30,129.92999,14.61400,84,88.23000,239.82001,9.67000
2023-01-03,125.070000,14.31500,85.82000,89.12000,239.58000,9.36000
2023-01-04,126.36000,14.74900,85.14000,88.080002,229.10001,10.070000
2023-01-05,125.019997,14.26500,83.12000,86.20000,222.31000,9.57000
2023-01-06,129.62000,14.85900,86.080002,87.34000,224.92999,10.87000
2023-01-09,130.14999,15.62800,87.36000,88.019997,227.12000,11.53000
2023-01-10,130.73000,15.90900,89.87000,88.42000,228.85001,11.97000
2023-01-11,133.49001,16.00099945,95.089996,91.52000,235.77000,12.40000
2023-01-12,133.41000,16.51100,95.27000,91.13000,238.50999,12.82000
2023-01-13,134.75999,16.89900,98.12000,92.12000,239.23000,12.95000
2023-01-17,135.94000,17.70200,96.050003,91.29000,240.35001,13.060000
2023-01-18,135.21001,17.37700,95.46000,91.12000,235.81000,12.82000
2023-01-19,135.27000,16.76500,93.68000,93.050003,231.92999,11.77000
2023-01-20,137.87000,17.83900,97.25,98.019997,240.22000,12.79000
2023-01-23,141.11000,19.19300,97.52000,99.79000,242.58000,14.74000
2023-01-24,142.53000,19.26500,96.32000,97.70000,242.039993,14.44000
2023-01-25,141.86000,19.32300,97.18000,95.22000,240.61000,14.53000
2023-01-26,143.96001,19.80200,99.22000,97.52000,248,15.24000
2023-01-27,145.92999,20.36500,102.24000,99.37000,248.16000,14.98000
2023-01-30,143,19.16200,100.55000,96.94000,242.71001,13.80000
2023-01-31,144.28999,19.53700,103.13000,98.84000,247.81000,14.52000
2023-02-01,145.42999,20.94300,105.15000,100.43000,252.75,16.80000
2023-02-02,150.82001,21.70900,112.91000,107.74000,264.60001,17.92000
2023-02-03,154.5,21.10000,103.39000,104.78000,258.35001,16.93000
2023-02-06,151.73000,21.089001,102.18000,102.90000,256.76999,16.10000
2023-02-07,154.64999,22.17300,102.11000,107.64000,267.56000,17.59000
2023-02-08,151.92000,22.20500,100.050003,99.37000,266.73001,16.49000
2023-02-09,150.87000,22.33700,98.24000,95.010002,263.62000,16.58000
2023-02-10,151.0099945,21.26500,97.61000,94.57000,263.10001,15.80000
2023-02-13,153.85001,21.78800,99.54000,94.61000,271.32001,16.42000
2023-02-14,153.20000,22.97100,99.70000,94.68000,272.17001,17.33000
2023-02-15,155.33000,22.76400,101.16000,96.94000,269.32001,17.54000
2023-02-16,153.71001,22.0020008,98.15000,95.51000,262.14999,16.28000
2023-02-17,152.55000,21.38800,97.20000,94.35000,258.059998,15.5
2023-02-21,148.48000,20.65500,94.58000,91.79000,252.67000,14.010000
2023-02-22,148.91000,20.75400,95.79000,91.65000,251.50999,13.83000
2023-02-23,149.39999,23.66400,95.82000,90.89000,254.77000,15.080000
2023-02-24,146.71001,23.28600,93.5,89.13000,249.22000,14.31000
2023-02-27,147.92000,23.50100,93.76000,89.87000,250.16000,14.5
2023-02-28,147.41000,23.21600,94.23000,90.059998,249.42000,14.65000
2023-03-01,145.31000,22.69800,92.17000,90.36000,246.27000,14.68000
2023-03-02,145.91000,23.31400,92.13000,92,251.11000,15.010000
2023-03-03,151.029999,23.89000,94.90000,93.65000,255.28999,15.68000
2023-03-06,153.83000,23.55400,93.75,95.13000,256.87000,15.17000
2023-03-07,151.60001,23.28800,93.55000,93.86000,254.14999,14.65000
2023-03-08,152.87000,24.18100,93.92000,94.25,253.70000,15.81000
2023-03-09,150.59000,23.43600,92.25,92.32000,252.32001,14.91000
2023-03-10,148.5,22.96500,90.73000,90.63000,248.59000,14.050000
2023-03-13,150.47000,22.96600,92.43000,91.11000,253.92000,14.020000
2023-03-14,152.59000,24.063000,94.88000,93.97000,260.79001,15.22000
2023-03-15,152.99001,24.22800,96.20000,96.11000,265.44000,14.69000
2023-03-16,155.85001,25.54100,100.040001,100.32000,276.20001,16.42000
2023-03-17,155,25.72500,98.95000,101.62000,279.42999,16.13000
2023-03-20,157.39999,25.90000,97.71000,101.22000,272.23001,16.61000
2023-03-21,159.28000,26.19900,100.61000,104.92000,273.78000,16.67000
2023-03-22,157.83000,26.46800,98.70000,103.37000,272.29001,16.24000
2023-03-23,158.92999,27.19100,98.71000,105.60000,277.66000,17.49000
2023-03-24,160.25,26.77900,98.13000,105.44000,280.57001,16.57000
2023-03-27,158.28000,26.53100,98.040001,102.46000,276.38000,15.97000
2023-03-28,157.64999,26.41000,97.24000,101.029999,275.23001,15.63000
2023-03-29,160.77000,26.98400,100.25,101.39000,280.51001,17.080000
2023-03-30,162.36000,27.38300,102,100.89000,284.049988,17.95000
2023-03-31,164.89999,27.77700,103.29000,103.73000,288.29999,18.30000
2023-04-03,166.17000,27.96500,102.41000,104.36000,287.23001,17.81000
2023-04-04,165.63000,27.45300,103.95000,104.72000,287.17999,16.79000
2023-04-05,163.75999,26.88100,101.099998,104.47000,284.34000,15.92000
2023-04-06,164.66000,27.037001,102.059998,108.42000,291.60001,15.66000
2023-04-10,162.029999,27.57900,102.17000,106.44000,289.39001,16.39000
2023-04-11,160.80000,27.16900,99.92000,105.35000,282.82999,16.21000
2023-04-12,160.10001,26.49500,97.83000,104.64000,283.48999,15.33000
2023-04-13,165.56000,26.46300,102.40000,107.43000,289.84000,15.67000
2023-04-14,165.21001,26.75800,102.51000,108.87000,286.14001,15.58000
2023-04-17,165.23000,27.0020008,102.74000,105.97000,288.79999,15.58000
2023-04-18,166.47000,27.66700,102.30000,104.5,288.37000,15.78000
2023-04-19,167.63000,27.93100,104.30000,104.18000,288.45001,15.26000
2023-04-20,166.64999,27.10400,103.81000,105.29000,286.10999,15.20000
2023-04-21,165.020004,27.11900,106.96000,105.41000,285.76001,14.86000
2023-04-24,165.33000,27.042000,106.21000,105.97000,281.76999,14.63000
2023-04-25,163.77000,26.24100,102.57000,103.85000,275.42001,13.20000
2023-04-26,163.75999,26.95600,104.98000,103.71000,295.37000,13.37000
2023-04-27,168.41000,27.22600,109.82000,107.59000,304.82999,13.54000
2023-04-28,169.67999,27.74900,105.45000,107.34000,307.26001,14.23000
2023-05-01,169.59000,28.91000,102.050003,107.20000,305.56000,14.66000
2023-05-02,168.53999,28.21000,103.63000,105.32000,305.41000,14.35000
2023-05-03,167.45000,27.80200,103.65000,105.41000,304.39999,13.84000
2023-05-04,165.78999,27.56200,104,104.69000,305.41000,13.60000
2023-05-05,173.57001,28.68000,105.66000,105.57000,310.64999,14.47000
2023-05-08,173.5,29.15100,105.83000,107.77000,308.64999,14.65000
2023-05-09,171.77000,28.57100,106.62000,107.35000,307,13.94000
2023-05-10,173.56000,28.88500,110.19000,111.75,312.31000,14.31000
2023-05-11,173.75,28.57800,112.18000,116.57000,310.10999,14.070000
2023-05-12,172.57001,28.34000,110.26000,117.51000,308.97000,14.020000
2023-05-15,172.070007,28.95300,111.20000,116.51000,309.45999,15.11000
2023-05-16,172.070007,29.21300,113.40000,119.51000,311.73999,15.050000
2023-05-17,172.69000,30.17800,115.5,120.84000,314,16.14000
2023-05-18,175.050003,31.67800,118.15000,122.83000,318.51999,17.67000
2023-05-19,175.16000,31.26400,116.25,122.76000,318.34000,17.39000
2023-05-22,174.20000,31.17600,115.010002,125.050003,321.17999,17.53000
2023-05-23,171.56000,30.68800,114.99000,122.56000,315.26001,16.92000
2023-05-24,171.84000,30.53800,116.75,120.90000,313.85001,16.030001
2023-05-25,172.99001,37.98000,115,123.48000,325.92001,19.15000
2023-05-26,175.42999,38.94600,120.11000,124.61000,332.89001,22.88000
2023-05-30,177.30000,40.11100,121.66000,123.67000,331.20999,22.87000
2023-05-31,177.25,37.83400,120.58000,122.87000,328.39001,21.15000
2023-06-01,180.089996,39.77000,122.77000,123.72000,332.57999,22.16000
2023-06-02,180.95000,39.32700,124.25,124.67000,335.39999,22.020000
2023-06-05,179.58000,39.17100,125.30000,126.010002,335.94000,20.97000
2023-06-06,179.21001,38.65400,126.61000,127.31000,333.67999,21.73000
2023-06-07,177.82001,37.47500,121.23000,122.5,323.38000,21.64000
2023-06-08,180.57001,38.51000,124.25,122.14000,325.26001,22.28000
2023-06-09,180.96001,38.77000,123.43000,122.23000,326.79001,22.40000
2023-06-12,183.78999,39.48200,126.57000,123.64000,331.85001,24.60000
2023-06-13,183.31000,41.021999,126.66000,123.83000,334.29001,25.56000
2023-06-14,183.95000,42.99700,126.42000,123.67000,337.34000,26.64000
2023-06-15,186.0099945,42.65300,127.11000,125.089996,348.10001,25.95000
2023-06-16,184.92000,42.69200,125.49000,123.53000,342.32999,25.24000
2023-06-20,185.0099945,43.80800,125.78000,123.099998,338.049988,24.65000
2023-06-21,183.96001,43.044998,124.83000,120.55000,333.56000,22.78000
2023-06-22,187,43.025002,130.14999,123.15000,339.70999,23.10000
2023-06-23,186.67999,42.20900,129.33000,122.34000,335.019989,21.89000
2023-06-26,185.27000,40.63200,127.33000,118.34000,328.60001,22.090000
2023-06-27,188.059998,41.87600,129.17999,118.33000,334.57001,24.37000
2023-06-28,189.25,41.11700,129.039993,120.18000,335.85001,23.72000
2023-06-29,189.59000,40.82200,127.90000,119.099998,335.049988,23.81000
2023-06-30,193.97000,42.30200,130.36000,119.70000,340.54001,24.83000
2023-07-03,192.46001,42.41300,130.22000,119.90000,337.98999,25.49000
2023-07-05,191.33000,42.31700,130.38000,121.75,338.14999,23.85000
2023-07-06,191.81000,42.10300,128.36000,120.11000,341.26999,22.98000
2023-07-07,190.67999,42.50300,129.78000,119.48000,337.22000,22.96000
2023-07-10,188.61000,42.18000,127.13000,116.45000,331.82999,24.32000
2023-07-11,188.080002,42.40500,128.78000,117.14000,332.47000,24.34000
2023-07-12,189.77000,43.90200,130.80000,118.93000,337.20001,25.69000
2023-07-13,190.53999,45.97700,134.30000,124.54000,342.66000,27.28000
2023-07-14,190.69000,45.46900,134.67999,125.42000,345.23999,26.23000
2023-07-17,193.99001,46.46100,133.56000,124.65000,345.73001,28.059999
2023-07-18,193.73000,47.49400,132.83000,123.76000,359.48999,28.26000
2023-07-19,195.10001,47.077000,135.36000,122.029999,355.079987,27.29000
2023-07-20,193.13000,45.52000,129.96001,119.20000,346.87000,24.29000
2023-07-21,191.94000,44.30900,130,120.019997,343.76999,24.92000
2023-07-24,192.75,44.61200,128.80000,121.53000,345.10999,24.90000
2023-07-25,193.62000,45.67900,129.13000,122.21000,350.98001,26.13000
2023-07-26,194.5,45.45200,128.14999,129.27000,337.76999,25.059999
2023-07-27,193.22000,45.90000,128.25,129.39999,330.72000,26.46000
2023-07-28,195.83000,46.75,132.21001,132.58000,338.37000,28.15000
2023-07-31,196.45000,46.72900,133.67999,132.72000,335.92001,28.41000
2023-08-01,195.61000,46.50700,131.69000,131.55000,336.34000,28.53000
2023-08-02,192.58000,44.26900,128.21001,128.38000,327.5,25.28000
2023-08-03,191.17000,44.51500,128.91000,128.45000,326.66000,25.15000
2023-08-04,181.99001,44.68000,139.57001,128.11000,327.78000,24.88000
2023-08-07,178.85001,45.41700,142.22000,131.53000,330.10999,25.66000
2023-08-08,179.80000,44.66400,139.94000,131.39999,326.049988,24.46000
2023-08-09,178.19000,42.55400,137.85001,129.66000,322.23001,23.090000
2023-08-10,177.97000,42.38800,138.56000,129.69000,322.92999,22.81000
2023-08-11,177.78999,40.85500,138.41000,129.56000,321.010010,21.14000
2023-08-14,179.46001,43.75300,140.57001,131.33000,324.040009,22.93000
2023-08-15,177.45000,43.94000,137.67000,129.78000,321.85999,21.80000
2023-08-16,176.57001,43.48600,135.070007,128.70000,320.39999,20.53000
2023-08-17,174,43.34400,133.98000,129.92000,316.88000,19.91000
2023-08-18,174.49001,43.29900,133.22000,127.46000,316.48001,20.15000
2023-08-21,175.84000,46.96700,134.67999,128.37000,321.88000,21.88000
2023-08-22,177.23000,45.66800,134.25,129.080002,322.45999,21.35000
2023-08-23,181.12000,47.11600,135.52000,132.37000,327,22.60000
2023-08-24,176.38000,47.16300,131.84000,129.78000,319.97000,20.41000
2023-08-25,178.61000,46.018002,133.25999,129.88000,322.98001,20.66000
2023-08-28,180.19000,46.83500,133.14000,131.0099945,323.70001,21.42000
2023-08-29,184.12000,48.78400,134.91000,134.57001,328.41000,23.070000
2023-08-30,187.64999,49.26400,135.070007,135.88000,328.79001,23.40000
2023-08-31,187.87000,49.35500,138.0099945,136.17000,327.76001,23.86000
2023-09-01,189.46001,48.50900,138.12000,135.66000,328.66000,24.020000
2023-09-05,189.70000,48.54800,137.27000,135.77000,333.54999,24.020000
2023-09-06,182.91000,47.061001,135.36000,134.46001,332.88000,23.44000
2023-09-07,177.56000,46.24100,137.85001,135.25999,329.91000,21.87000
2023-09-08,178.17999,45.57200,138.23000,136.38000,334.26999,21.5
2023-09-11,179.36000,45.17800,143.10001,136.92000,337.94000,21.45000
2023-09-12,176.30000,44.87000,141.23000,135.34000,331.76999,20.94000
2023-09-13,174.21001,45.48500,144.85001,136.71001,336.059998,21.23000
2023-09-14,175.74001,45.58100,144.72000,138.10001,338.70001,21.65000
2023-09-15,175.0099945,43.90000,140.39000,137.39999,330.22000,19.79000
2023-09-18,177.97000,43.96600,139.98000,138.21001,329.059998,19.93000
2023-09-19,179.070007,43.52000,137.63000,138.039993,328.64999,19.43000
2023-09-20,175.49001,42.23900,135.28999,133.74001,320.76999,18.48000
2023-09-21,173.92999,41.016998,129.33000,130.44000,319.53000,17.42000
2023-09-22,174.78999,41.61000,129.12000,130.25,317.010010,17.84000
2023-09-25,176.080002,42.22200,131.27000,131.11000,317.54001,18.22000
2023-09-26,171.96001,41.91100,125.98000,128.57001,312.14001,17.24000
2023-09-27,170.42999,42.46800,125.98000,130.53999,312.79001,17.68000
2023-09-28,170.69000,43.089001,125.98000,132.31000,313.64001,18.64000
2023-09-29,171.21001,43.49900,127.12000,130.86000,315.75,18.87000
2023-10-02,173.75,44.78200,129.46001,134.17000,321.79999,19.080000
2023-10-03,172.39999,43.51700,124.72000,132.42999,313.39001,17.89000
2023-10-04,173.66000,44.041000,127,135.24001,318.95999,18.64000
2023-10-05,174.91000,44.68800,125.96000,135.070007,319.35999,18.40000
2023-10-06,177.49001,45.76200,127.96000,137.58000,327.26001,19.47000
2023-10-09,178.99001,45.27300,128.25999,138.42000,329.82001,19.38000
2023-10-10,178.39000,45.79800,129.48000,138.059998,328.39001,20.049999
2023-10-11,179.80000,46.80600,131.83000,140.55000,332.42001,20.51000
2023-10-12,180.71001,46.94500,132.33000,138.97000,331.16000,20.68000
2023-10-13,178.85001,45.46100,129.78999,137.36000,327.73001,18.98000
2023-10-16,178.72000,46.095001,132.55000,139.10001,332.64001,19.81000
2023-10-17,177.14999,43.93800,131.47000,139.72000,332.059998,19.30000
2023-10-18,175.84000,42.19600,128.13000,137.96001,330.10999,18.28000
2023-10-19,175.46001,42.10100,128.39999,137.75,331.32001,17.43000
2023-10-20,172.88000,41.38700,125.17000,135.60001,326.67001,16.64000
2023-10-23,173,42.97500,126.56000,136.5,329.32001,16.39000
2023-10-24,173.44000,43.66300,128.56000,138.81000,330.53000,17.040001
2023-10-25,171.10001,41.77900,121.39000,125.61000,340.67001,14.97000
2023-10-26,166.89000,40.32600,119.57000,122.28000,327.89001,14.73000
2023-10-27,168.22000,40.5,127.74000,122.17000,329.81000,15.10000
2023-10-30,170.28999,41.16100,132.71001,124.46000,337.31000,14.53000
2023-10-31,170.77000,40.78000,133.089996,124.080002,338.10999,14.90000
2023-11-01,173.97000,42.32500,137,126.45000,346.070007,15.95000
2023-11-02,177.57001,43.50600,138.070007,127.49000,348.32001,17.080000
2023-11-03,176.64999,45.0050011,138.60001,129.10001,352.79999,18.38000
2023-11-06,179.23000,45.75100,139.74001,130.25,356.53000,18.25
2023-11-07,181.82001,45.95500,142.71001,130.97000,360.53000,18.60000
2023-11-08,182.89000,46.57400,142.080002,131.84000,363.20001,18.67000
2023-11-09,182.41000,46.95000,140.60001,130.24001,360.69000,18.39000
2023-11-10,186.39999,48.33500,143.56000,132.59000,369.67001,20.60000
2023-11-13,184.80000,48.62000,142.59000,132.089996,366.67999,20.020000
2023-11-14,187.44000,49.65600,145.80000,133.62000,370.26999,22.14000
2023-11-15,188.0099945,48.88800,143.20000,134.62000,369.67001,22.63000
2023-11-16,189.71001,49.48000,142.83000,136.92999,376.17001,22.72000
2023-11-17,189.69000,49.29800,145.17999,135.31000,369.85001,23.13000
2023-11-20,191.45000,50.40900,146.13000,136.25,377.44000,24.18000
2023-11-21,190.64000,49.94400,143.89999,136.97000,373.070007,22.84000
2023-11-22,191.31000,48.71600,146.71001,138.49001,377.85001,23
2023-11-24,189.97000,47.77600,146.74001,136.69000,377.42999,23.090000
2023-11-27,189.78999,48.24200,147.73000,136.41000,378.60999,22.97000
2023-11-28,190.39999,47.82100,147.029999,137.20000,382.70001,22.54000
2023-11-29,189.37000,48.14000,146.32001,134.99001,378.85001,23.22000
2023-11-30,189.95000,46.77000,146.089996,132.53000,378.91000,22.81000
2023-12-01,191.24001,46.76500,147.029999,131.86000,374.51001,23.070000
2023-12-04,189.42999,45.51000,144.84000,129.27000,369.14001,22.31000
2023-12-05,193.42000,46.56600,146.88000,130.99001,372.51999,21.93000
2023-12-06,192.32001,45.50300,144.52000,130.020004,368.79999,21.47000
2023-12-07,194.27000,46.59600,146.88000,136.92999,370.95001,23.18000
2023-12-08,195.71001,47.50600,147.42000,134.99001,374.23001,23.70000
2023-12-11,193.17999,46.62700,145.89000,133.28999,371.29999,26.11000
2023-12-12,194.71001,47.65700,147.48000,132.52000,374.38000,26.65000
2023-12-13,197.96001,48.088001,148.84000,132.57001,374.37000,27.92000
2023-12-14,198.11000,48.35000,147.42000,131.94000,365.92999,30.19000
2023-12-15,197.57001,48.89000,149.97000,132.60001,370.73001,30.57000
2023-12-18,195.89000,50.077000,154.070007,135.80000,372.64999,30.29000
2023-12-19,196.94000,49.60400,153.78999,136.64999,373.26001,30.75
2023-12-20,194.83000,48.11100,152.12000,138.34000,370.62000,28.10000
2023-12-21,194.67999,48.99000,153.84000,140.42000,373.54001,30.26000
2023-12-22,193.60001,48.83000,153.42000,141.49001,374.57999,30.51000
2023-12-26,193.050003,49.27900,153.41000,141.52000,374.66000,32.16000
2023-12-27,193.14999,49.41700,153.34000,140.37000,374.070007,32.35000
2023-12-28,193.58000,49.52200,153.38000,140.23000,375.28000,32.22000
2023-12-29,192.53000,49.52200,151.94000,139.69000,376.040009,31.40000
2024-01-02,185.64000,48.16800,149.92999,138.17000,370.87000,28.040001
2024-01-03,184.25,47.56900,148.47000,138.92000,370.60001,26.25
2024-01-04,181.91000,47.99800,144.57001,136.39000,367.94000,25.58000
2024-01-05,181.17999,49.097000,145.24001,135.73000,367.75,25.93000
2024-01-08,185.56000,52.25300,149.10001,138.84000,374.69000,28.43000
2024-01-09,185.14000,53.14000,151.37000,140.95000,375.79001,28.42000
2024-01-10,186.19000,54.35000,153.73000,142.28000,382.76999,28.17000
2024-01-11,185.59000,54.82200,155.17999,142.080002,384.63000,28.46000
2024-01-12,185.92000,54.71000,154.62000,142.64999,388.47000,28.10000
2024-01-16,183.63000,56.38200,153.16000,142.49001,390.26999,29.19000
2024-01-17,182.67999,56.053001,151.71001,141.47000,389.47000,28.43000
2024-01-18,188.63000,57.10700,153.5,143.48000,393.87000,31.19000
2024-01-19,191.56000,59.49100,155.34000,146.38000,398.67001,34.86000
2024-01-22,193.89000,59.65400,154.78000,145.99001,396.51001,35.26000
2024-01-23,195.17999,59.87300,156.020004,147.039993,398.89999,35.92000
2024-01-24,194.5,61.36200,156.87000,148.70000,402.56000,37.42000
2024-01-25,194.17000,61.61700,157.75,151.87000,404.87000,37.12000
2024-01-26,192.42000,61.030998,159.12000,152.19000,403.92999,34.0099983
2024-01-29,191.73000,62.46500,161.25999,153.50999,409.72000,35.040001
2024-01-30,188.039993,62.77400,159,151.46001,408.59000,33.53000
2024-01-31,184.39999,61.52700,155.20000,140.10001,397.57999,32.099998
2024-02-01,186.86000,63.027000,159.28000,141.16000,403.78000,32.45000
2024-02-02,185.85001,66.16000,171.81000,142.38000,411.22000,33.65000
2024-02-05,187.67999,69.33200,170.31000,143.67999,405.64999,35.099998
2024-02-06,189.30000,68.22300,169.14999,144.10001,405.48999,33.83000
2024-02-07,189.41000,70.098999,170.53000,145.53999,414.049988,35.36000
2024-02-08,188.32001,69.64100,169.84000,145.91000,414.10999,37.15000
2024-02-09,188.85001,72.13300,174.45000,149,420.54999,39.32000
2024-02-12,187.14999,72.24800,172.34000,147.53000,415.26001,39.15000
2024-02-13,185.039993,72.12800,168.64000,145.14000,406.32001,36.84000
2024-02-14,184.14999,73.90000,170.98000,145.94000,409.48999,39.12000
2024-02-15,183.86000,72.65800,169.80000,142.77000,406.56000,39.11000
2024-02-16,182.31000,72.61300,169.50999,140.52000,404.059998,38.33000
2024-02-20,181.56000,69.45200,167.080002,141.12000,402.79001,36.42000
2024-02-21,182.32001,67.47200,168.59000,142.55000,402.17999,36.14000
2024-02-22,184.37000,78.53800,174.58000,144.089996,411.64999,41.42000
2024-02-23,182.52000,78.81700,174.99001,143.96001,410.34000,40.17000
2024-02-26,181.16000,79.092003,174.73000,137.57001,407.54001,41.21000
2024-02-27,182.63000,78.70100,173.53999,138.88000,407.48001,41.11000
2024-02-28,181.42000,77.66300,173.16000,136.38000,407.72000,39.80000
2024-02-29,180.75,79.11200,176.75999,138.46001,413.64001,42.84000
2024-03-01,179.66000,82.27900,178.22000,137.14000,415.5,48.33000
2024-03-04,175.10001,85.23700,177.58000,133.35001,414.92001,49.77000
2024-03-05,170.12000,85.96400,174.12000,132.67000,402.64999,46.84000
2024-03-06,169.12000,88.70000,173.50999,131.39999,402.089996,50.22000
2024-03-07,169,92.66900,176.82001,134.38000,409.14001,55.32000
2024-03-08,170.73000,87.52800,175.35001,135.41000,406.22000,48.95000
2024-03-11,172.75,85.77400,171.96001,137.67000,404.51999,46.77000
2024-03-12,173.23000,91.91300,175.39000,138.5,415.28000,49.58000
2024-03-13,171.13000,90.88800,176.56000,139.78999,415.10001,46.080002
2024-03-14,173,87.94400,178.75,143.10001,425.22000,43.53000
2024-03-15,172.62000,87.83700,174.42000,141.17999,416.42001,42.74000
2024-03-18,173.72000,88.45500,174.48000,147.67999,417.32001,42.54000
2024-03-19,176.080002,89.39800,175.89999,147.029999,421.41000,41.42000
2024-03-20,178.67000,90.37200,178.14999,148.74001,425.23001,43.40000
2024-03-21,171.37000,91.43500,178.14999,147.60001,429.37000,46.31000
2024-03-22,172.28000,94.28900,178.87000,150.77000,428.73999,46.43000
2024-03-25,170.85001,95.0019989,179.71001,150.070007,422.85999,45.89000
2024-03-26,169.71001,92.56100,178.30000,150.67000,421.64999,45.029999
2024-03-27,173.31000,90.25,179.83000,150.87000,421.42999,46.5
2024-03-28,171.48000,90.35600,180.38000,150.92999,420.72000,46.53000
2024-04-01,170.029999,90.36300,180.97000,155.49001,424.57001,47.99000
2024-04-02,168.84000,89.45200,180.69000,154.56000,421.44000,45.88000
2024-04-03,169.64999,88.96400,182.41000,154.92000,420.45001,46.19000
2024-04-04,168.82001,85.90500,180,150.53000,417.88000,42.37000
2024-04-05,169.58000,88.0080032,185.070007,152.5,425.51999,43.62000
2024-04-08,168.45000,87.13300,185.19000,154.85001,424.59000,44
2024-04-09,169.67000,85.35400,185.67000,156.60001,426.28000,45.39000
2024-04-10,167.78000,87.039001,185.95000,156.14000,423.26001,43.090000
2024-04-11,175.039993,90.61600,189.050003,159.41000,427.92999,45.80000
2024-04-12,176.55000,88.18600,186.13000,157.73000,421.89999,41.51000
2024-04-15,172.69000,86.00099945,183.62000,154.86000,413.64001,39.78000
2024-04-16,169.38000,87.41500,183.32001,154.39999,414.57999,40.54000
2024-04-17,168,84.035004,181.28000,155.47000,411.84000,37.060001
2024-04-18,167.039993,84.67100,179.22000,156.0099945,404.26999,34.91000
2024-04-19,165,76.20000,174.63000,154.089996,399.12000,30.79000
2024-04-22,165.84000,79.51800,177.23000,156.28000,400.95999,32.070000
2024-04-23,166.89999,82.42300,179.53999,158.25999,407.57001,34.11000
2024-04-24,169.020004,79.67700,176.59000,159.13000,409.059998,35.49000
2024-04-25,169.89000,82.63200,173.67000,156,399.040009,37.41000
2024-04-26,169.30000,87.73500,179.62000,171.95000,406.32001,39.80000
2024-04-29,173.5,87.75700,180.96001,166.14999,402.25,40.61000
2024-04-30,170.33000,86.40200,175,162.78000,389.32999,38.18000
2024-05-01,169.30000,83.041000,179,163.86000,394.94000,34.37000
2024-05-02,173.029999,85.81700,184.72000,166.62000,397.84000,36.45000
2024-05-03,183.38000,88.78900,186.21001,167.24001,406.66000,38.97000
2024-05-06,181.71001,92.14000,188.70000,168.10001,413.54001,41.30000
2024-05-07,182.39999,90.55400,188.75999,171.25,409.34000,40.36000
2024-05-08,182.74001,90.41200,188,169.38000,410.54001,40.41000
2024-05-09,184.57001,88.74700,189.5,169.96001,412.32001,39.96000
2024-05-10,183.050003,89.87800,187.48000,168.64999,414.73999,41.029999
2024-05-13,186.28000,90.39900,186.57001,169.14000,413.72000,41.27000
2024-05-14,187.42999,91.35600,187.070007,170.34000,416.56000,43.21000
2024-05-15,189.72000,94.63000,185.99001,172.50999,423.079987,47
2024-05-16,189.84000,94.35900,183.63000,174.17999,420.98999,46.26000
2024-05-17,189.87000,92.47900,184.70000,176.059998,420.20999,45.40000
2024-05-20,191.039993,94.78000,183.53999,176.92000,425.34000,48.25
2024-05-21,192.35001,95.38600,183.14999,177.85001,429.040009,47.98000
2024-05-22,190.89999,94.95000,183.13000,176.38000,430.51999,49.38000
2024-05-23,186.88000,103.79900,181.050003,173.55000,427,48.81000
2024-05-24,189.98000,106.46900,180.75,174.99001,430.16000,51.44000
2024-05-28,189.99001,113.90100,182.14999,176.39999,430.32001,54.040001
2024-05-29,190.28999,114.82500,182.020004,175.89999,429.17001,50.98000
2024-05-30,191.28999,110.5,179.32001,172.11000,414.67001,50
2024-05-31,192.25,109.63300,176.44000,172.5,415.13000,48.59000
2024-06-03,194.029999,115,178.34000,173.17000,413.51999,48.59000
2024-06-04,194.35001,116.43700,179.34000,173.78999,416.070007,47.59000
2024-06-05,195.87000,122.44000,181.28000,175.41000,424.010010,53.52000
2024-06-06,194.48000,120.99800,185,176.73000,424.51999,52.51000
2024-06-07,196.89000,120.88800,184.30000,174.46001,423.85001,51.87000
2024-06-10,193.12000,121.79000,187.059998,175.0099945,427.87000,53.95000
2024-06-11,207.14999,120.91000,187.23000,176.62000,432.67999,54.17000
2024-06-12,213.070007,125.20000,186.89000,177.78999,441.059998,58.72000
2024-06-13,214.24001,129.61000,183.83000,175.16000,441.57999,60.86000
2024-06-14,212.49001,131.88000,183.66000,176.78999,442.57001,60.099998
2024-06-17,216.67000,130.98000,184.059998,177.24001,448.37000,62.67000
2024-06-18,214.28999,135.58000,182.81000,175.089996,446.34000,65.24000
2024-06-20,209.67999,130.78000,186.10001,176.30000,445.70001,60.020000
2024-06-21,207.49001,126.57000,189.080002,179.63000,449.78000,58.20000
2024-06-24,208.14000,118.11000,185.57001,179.22000,447.67001,53.22000
2024-06-25,209.070007,126.089996,186.34000,184.029999,450.95001,55.30000
2024-06-26,213.25,126.40000,193.61000,183.88000,452.16000,54.78000
2024-06-27,214.10001,123.99000,197.85001,185.41000,452.85001,53.80000
2024-06-28,210.62000,123.54000,193.25,182.14999,446.95001,55.36000
2024-07-01,216.75,124.30000,197.20000,182.99001,456.73001,55.36000
2024-07-02,220.27000,122.67000,200,185.24001,459.28000,57.60000
2024-07-03,221.55000,128.28000,197.59000,185.82001,460.76999,60.39000
2024-07-05,226.34000,125.83000,200,190.60001,467.56000,60.81000
2024-07-08,227.82001,128.20000,199.28999,189.029999,466.23999,64.31000
2024-07-09,228.67999,131.38000,199.34000,188.98000,459.54001,64.25
2024-07-10,232.98000,134.91000,199.78999,191.17999,466.25,68.59000
2024-07-11,227.57001,127.40000,195.050003,185.57001,454.70001,61.99000
2024-07-12,230.53999,129.24001,194.49001,185.070007,453.54999,63.94000
2024-07-15,234.39999,128.44000,192.72000,186.53000,453.95999,64.14000
2024-07-16,234.82001,126.36000,193.020004,183.92000,449.51999,65.30000
2024-07-17,228.88000,117.99000,187.92999,181.020004,443.51999,51.55000
2024-07-18,224.17999,121.089996,183.75,177.69000,440.37000,51.66000
2024-07-19,224.31000,117.93000,183.13000,177.66000,437.10999,47
2024-07-22,223.96001,123.54000,182.55000,181.67000,442.94000,52.93000
2024-07-23,225.0099945,122.59000,186.41000,181.78999,444.85001,50.53000
2024-07-24,218.53999,114.25,180.83000,172.63000,428.89999,42.90000
2024-07-25,217.49001,112.28000,179.85001,167.28000,418.39999,39.78000
2024-07-26,217.96001,113.059998,182.5,167,425.26999,41.92000
2024-07-29,218.24001,111.59000,183.20000,169.53000,426.73001,41.81000
2024-07-30,218.80000,103.73000,181.71001,170.28999,422.92001,37.24000
2024-07-31,222.080002,117.019997,186.98000,171.53999,418.35001,44.39000
2024-08-01,218.36000,109.21000,184.070007,170.75999,417.10999,35
2024-08-02,219.86000,107.27000,167.89999,166.66000,408.48999,29.34000
2024-08-05,209.27000,100.45000,161.020004,159.25,395.14999,27.89000
2024-08-06,207.23000,104.25,161.92999,158.28999,399.60999,28.58000
2024-08-07,209.82001,98.91000,162.77000,158.94000,398.42999,26.22000
2024-08-08,213.31000,104.97000,165.80000,162.029999,402.69000,31.46000
2024-08-09,216.24001,104.75,166.94000,163.67000,406.019989,31.010000
2024-08-12,217.53000,109.019997,166.80000,162.28999,406.81000,31.41000
2024-08-13,221.27000,116.14000,170.23000,164.16000,414.010010,35.28000
2024-08-14,221.72000,118.080002,170.10001,160.37000,416.85999,35.049999
2024-08-15,224.72000,122.86000,177.59000,161.30000,421.029999,39.92000
2024-08-16,226.050003,124.58000,177.059998,162.96001,418.47000,39.73000
2024-08-19,225.89000,130,178.22000,166.67000,421.53000,41.60000
2024-08-20,226.50999,127.25,178.88000,167.17999,424.79999,40.090000
2024-08-21,226.39999,128.5,180.11000,165.85001,424.14001,41.73000
2024-08-22,224.53000,123.74000,176.13000,163.80000,415.54999,37.51000
2024-08-23,226.84000,129.37000,177.039993,165.62000,416.79001,40.40000
2024-08-26,227.17999,126.46000,175.5,166.16000,413.48999,37.37000
2024-08-27,228.029999,128.30000,173.12000,164.67999,413.84000,38.49000
2024-08-28,226.49001,125.61000,170.80000,162.85001,410.60001,36.60000
2024-08-29,229.78999,117.59000,172.12000,161.78000,413.12000,36.19000
2024-08-30,229,119.37000,178.5,163.38000,417.14001,38.79000
2024-09-03,222.77000,108,176.25,157.36000,409.44000,30.070000
2024-09-04,220.85001,106.21000,173.33000,156.45000,408.89999,30.30000
2024-09-05,222.38000,107.21000,177.89000,157.24001,408.39001,29.75
2024-09-06,220.82001,102.83000,171.39000,150.92000,401.70001,25.96000
2024-09-09,220.91000,106.47000,175.39999,148.71001,405.72000,27.43000
2024-09-10,220.11000,108.099998,179.55000,148.66000,414.20001,28.35000
2024-09-11,222.66000,116.91000,184.52000,151.16000,423.040009,32.22000
2024-09-12,222.77000,119.14000,187,154.69000,427,31.81000
2024-09-13,222.5,119.099998,186.49001,157.46001,430.59000,33.43000
2024-09-16,216.32001,116.78000,184.89000,158.059998,431.34000,32.16000
2024-09-17,216.78999,115.59000,186.88000,159.32001,435.14999,32.16000
2024-09-18,220.69000,113.37000,186.42999,159.81000,430.81000,31.14000
2024-09-19,228.87000,117.87000,189.87000,162.14000,438.69000,35.12000
2024-09-20,228.20000,116,191.60001,163.59000,435.26999,33.55000
2024-09-23,226.47000,116.26000,193.88000,161.85001,433.51001,33.92000
2024-09-24,227.37000,120.87000,193.96001,162.28999,429.17001,35.070000
2024-09-25,226.37000,123.51000,192.53000,161.49001,432.10999,35.74000
2024-09-26,227.52000,124.040001,191.16000,162.73000,431.31000,39.65000
2024-09-27,227.78999,121.40000,187.97000,163.95000,428.019989,37.66000
2024-09-30,233,121.44000,186.33000,165.85001,430.29999,36.68000
2024-10-01,226.21001,117,185.13000,166.99001,420.69000,33.83000
2024-10-02,226.78000,118.85000,184.75999,165.86000,417.13000,34.96000
2024-10-03,225.67000,122.85000,181.96001,165.86000,416.54001,35.21000
2024-10-04,226.80000,124.92000,186.50999,167.059998,416.059998,36.68000
2024-10-07,221.69000,127.72000,180.80000,162.98000,409.54001,36.41000
2024-10-08,225.77000,132.89000,182.72000,164.38000,414.70999,37.46000
2024-10-09,229.53999,132.64999,185.17000,161.86000,417.45999,38.61000
2024-10-10,229.039993,134.81000,186.64999,162.080002,415.84000,37.83000
2024-10-11,227.55000,134.80000,188.82001,163.24001,416.32001,38.67000
2024-10-14,231.30000,138.070007,187.53999,164.96001,419.14001,40.82000
2024-10-15,233.85001,131.60001,187.69000,165.46001,418.73999,34.47000
2024-10-16,231.78000,135.72000,186.89000,165.16000,416.12000,34.46000
2024-10-17,232.14999,136.92999,187.53000,162.92999,416.72000,35.21000
2024-10-18,235,138,188.99001,163.42000,418.16000,35.27000
2024-10-21,236.48000,143.71001,189.070007,164.070007,418.78000,35.090000
2024-10-22,235.86000,143.59000,189.70000,165.14000,427.51001,34.69000
2024-10-23,230.75999,139.56000,184.71001,162.78000,424.60001,33.80000
2024-10-24,230.57001,140.41000,186.38000,162.72000,424.73001,34.29000
2024-10-25,231.41000,141.53999,187.83000,165.27000,428.14999,35.28000
2024-10-28,233.39999,140.52000,188.39000,166.72000,426.59000,35.35000
2024-10-29,233.67000,141.25,190.83000,169.67999,431.95001,37.98000
2024-10-30,230.10001,139.34000,192.73000,174.46001,432.53000,34.0099983
2024-10-31,225.91000,132.75999,186.39999,171.11000,406.35001,30.090000
2024-11-01,222.91000,135.39999,197.92999,171.28999,410.37000,30.83000
2024-11-04,222.0099945,136.050003,195.78000,169.24001,408.45999,30.35000
2024-11-05,223.45000,139.91000,199.5,169.74001,411.45999,31.38000
2024-11-06,222.72000,145.61000,207.089996,176.50999,420.17999,34.12000
2024-11-07,227.48000,148.88000,210.050003,180.75,425.42999,36.21000
2024-11-08,226.96001,147.63000,208.17999,178.35001,422.54001,35.41000
2024-11-11,224.23000,145.25999,206.84000,180.35001,418.010010,32.77000
2024-11-12,224.23000,148.28999,208.91000,181.62000,423.029999,31.67000
2024-11-13,225.12000,146.27000,214.10001,178.88000,425.20001,29.69000
2024-11-14,228.22000,146.75999,211.48000,175.58000,426.89001,29.60000
2024-11-15,225,141.98000,202.61000,172.49001,415,26.66000
2024-11-18,228.020004,140.14999,201.70000,175.30000,415.76001,27.67000
2024-11-19,228.28000,147.0099945,204.61000,178.12000,417.79001,27.85000
2024-11-20,229,145.89000,202.88000,175.98000,415.48999,27.13000
2024-11-21,228.52000,146.67000,198.38000,167.63000,412.87000,28.49000
2024-11-22,229.87000,141.95000,197.12000,164.75999,417,28.49000
2024-11-25,232.87000,136.020004,201.45000,167.64999,418.79001,29.33000
2024-11-26,235.059998,136.92000,207.86000,169.12000,427.98999,28.13000
2024-11-27,234.92999,135.34000,205.74001,169.23000,422.98999,26.98000
2024-11-29,237.33000,138.25,207.89000,168.95000,423.45999,28.059999
2024-12-02,239.59000,138.63000,210.71001,171.49001,430.98001,30.20000
2024-12-03,242.64999,140.25999,213.44000,171.34000,431.20001,29.73000
2024-12-04,243.0099945,145.14000,218.16000,174.37000,437.42001,30.88000
2024-12-05,243.039993,145.059998,220.55000,172.64000,442.62000,29.12000
2024-12-06,242.84000,142.44000,227.029999,174.71001,443.57001,29.61000
2024-12-09,246.75,138.81000,226.089996,175.37000,446.019989,29.23000
2024-12-10,247.77000,135.070007,225.039993,185.17000,443.32999,27.059999
2024-12-11,246.49001,139.31000,230.25999,195.39999,448.98999,29.12000
2024-12-12,247.96001,137.34000,228.97000,191.96001,449.56000,28.46000
2024-12-13,248.13000,134.25,227.46001,189.82001,447.26999,30.70000
2024-12-16,251.039993,132,232.92999,196.66000,451.59000,32.51000
2024-12-17,253.48000,130.39000,231.14999,195.42000,454.45999,31.13000
2024-12-18,248.050003,128.91000,220.52000,188.39999,437.39001,27.83000
2024-12-19,249.78999,130.67999,223.28999,188.50999,437.029999,26.30000
2024-12-20,254.49001,134.70000,224.92000,191.41000,436.60001,27.30000
2024-12-23,255.27000,139.67000,225.059998,194.63000,435.25,29.59000
2024-12-24,258.20001,140.22000,229.050003,196.11000,439.32999,30.48000
2024-12-26,259.019989,139.92999,227.050003,195.60001,438.10999,30.57000
2024-12-27,255.59000,137.0099945,223.75,192.75999,430.53000,29.69000
2024-12-30,252.20000,137.49001,221.30000,191.24001,424.82999,27.94000
2024-12-31,250.42000,134.28999,219.39000,189.30000,421.5,27.31000
2025-01-02,243.85001,138.31000,220.22000,189.42999,418.57999,27.67000
2025-01-03,243.36000,144.47000,224.19000,191.78999,423.35001,29.82000
2025-01-06,245,149.42999,227.61000,196.87000,427.85001,32.49000
2025-01-07,242.21001,140.14000,222.11000,195.49001,422.37000,31.15000
2025-01-08,242.70000,140.11000,222.13000,193.95000,424.56000,30.18000
2025-01-10,236.85001,135.91000,218.94000,192.039993,418.95001,28.059999
2025-01-13,234.39999,133.23000,218.46001,191.0099945,417.19000,27.85000
2025-01-14,233.28000,131.75999,217.75999,189.66000,415.67001,28.12000
2025-01-15,237.87000,136.24001,223.35001,195.55000,426.31000,29.94000
2025-01-16,228.25999,133.57001,220.66000,192.91000,424.57999,29.99000
2025-01-17,229.98000,137.71001,225.94000,196,429.029999,32.49000
2025-01-21,222.64000,140.83000,230.71001,198.050003,428.5,33.69000
2025-01-22,223.83000,147.070007,235.0099945,198.37000,446.20001,35.15000
2025-01-23,223.66000,147.22000,235.42000,197.98000,446.70999,34.92000
2025-01-24,222.78000,142.62000,234.85001,200.21001,444.059998,32.65000
2025-01-27,229.86000,118.42000,235.42000,191.81000,434.56000,25.059999
2025-01-28,238.25999,128.99001,238.14999,195.30000,447.20001,25.37000
2025-01-29,239.36000,123.70000,237.070007,195.41000,442.32999,25.68000
2025-01-30,237.59000,124.65000,234.64000,200.87000,414.98999,27.15000
2025-01-31,236,120.070000,237.67999,204.020004,415.059998,27.020000
2025-02-03,228.0099945,116.66000,237.42000,201.23000,410.92001,25.61000
2025-02-04,232.80000,118.65000,242.059998,206.38000,412.37000,26.25
2025-02-05,232.47000,124.83000,236.17000,191.33000,413.29001,27.70000
2025-02-06,233.22000,128.67999,238.83000,191.60001,415.82001,27.69000
2025-02-07,227.63000,129.84000,229.14999,185.34000,409.75,26.33000
2025-02-10,227.64999,133.57001,233.14000,186.47000,412.22000,27.35000
2025-02-11,232.62000,132.80000,232.75999,185.32001,411.44000,27.40000
2025-02-12,236.87000,131.14000,228.92999,183.61000,409.040009,27.54000
2025-02-13,241.53000,135.28999,230.37000,186.14000,410.54001,28.47000
2025-02-14,244.60001,138.85001,228.67999,185.23000,408.42999,28.55000
2025-02-18,244.47000,139.39999,226.64999,183.77000,409.64001,29.99000
2025-02-19,244.87000,139.23000,226.63000,185.27000,414.76999,31.47000
2025-02-20,245.83000,140.11000,222.88000,184.56000,416.13000,31.70000
2025-02-21,245.55000,134.42999,216.58000,179.66000,408.20999,28.81000
2025-02-24,247.10001,130.28000,212.71001,179.25,404,26.76000
2025-02-25,247.039993,126.63000,212.80000,175.42000,397.89999,25.070000
2025-02-26,240.36000,131.28000,214.35001,172.73000,399.73001,26.29000
2025-02-27,237.30000,120.15000,208.74001,168.5,392.53000,21.75
2025-02-28,241.84000,124.92000,212.28000,170.28000,396.98999,22.73000
2025-03-03,238.029999,114.059998,205.020004,167.0099945,388.48999,20.51000
2025-03-04,235.92999,115.99000,203.80000,170.92000,388.60999,20.65000
2025-03-05,235.74001,117.30000,208.36000,173.020004,401.019989,21.95000
2025-03-06,235.33000,110.57000,200.70000,172.35001,396.89001,19.23000
2025-03-07,239.070007,112.69000,199.25,173.86000,393.31000,20.88000
2025-03-10,227.48000,106.98000,194.53999,165.87000,380.16000,17.99000
2025-03-11,220.84000,108.76000,196.59000,164.039993,380.45001,17.41000
2025-03-12,216.98000,115.74000,198.89000,167.11000,383.26999,18.30000
2025-03-13,209.67999,115.58000,193.89000,162.75999,378.76999,18.090000
2025-03-14,213.49001,121.67000,197.95000,165.49001,388.56000,19.80000
2025-03-17,214,119.53000,195.74001,164.28999,388.70001,20.79000
2025-03-18,212.69000,115.43000,192.82001,160.67000,383.51999,19.93000
2025-03-19,215.24001,117.52000,195.53999,163.89000,387.82001,20.38000
2025-03-20,214.10001,118.53000,194.95000,162.80000,386.84000,19.93000
2025-03-21,218.27000,117.70000,196.21001,163.99001,391.26001,19.28000
2025-03-24,220.73000,121.41000,203.25999,167.67999,393.079987,21
2025-03-25,223.75,120.69000,205.71001,170.56000,395.16000,20.55000
2025-03-26,221.53000,113.76000,201.13000,165.059998,389.97000,18.79000
2025-03-27,223.85001,111.43000,201.36000,162.24001,390.57999,17.76000
2025-03-28,217.89999,109.67000,192.72000,154.33000,378.79999,16.030001
2025-03-31,222.13000,108.38000,190.25999,154.64000,375.39001,15.95000
2025-04-01,223.19000,110.15000,192.17000,157.070007,382.19000,15.95000
2025-04-02,223.89000,110.42000,196.0099945,157.039993,382.14001,16.26000
2025-04-03,203.19000,101.80000,178.41000,150.72000,373.10999,11.41000
2025-04-04,188.38000,94.31000,171,145.60001,359.84000,8.73000
2025-04-07,181.46001,97.64000,175.25999,146.75,357.85999,9.15000
2025-04-08,172.42000,96.30000,170.66000,144.70000,354.56000,8.25
2025-04-09,198.85001,114.33000,191.10001,158.71001,390.48999,12.77000
2025-04-10,190.42000,107.57000,181.22000,152.82001,381.35001,9.63000
2025-04-11,198.14999,110.93000,184.87000,157.14000,388.45001,10.23000
2025-04-14,202.52000,110.71000,182.12000,159.070007,387.81000,10.47000
2025-04-15,202.14000,112.20000,179.59000,156.31000,385.73001,10.60000
2025-04-16,194.27000,104.49000,174.33000,153.33000,371.60999,9.34000
2025-04-17,196.98000,101.49000,172.61000,151.16000,367.78000,9.20000
2025-04-21,193.16000,96.91000,167.32001,147.67000,359.12000,8.71000
2025-04-22,199.74001,98.89000,173.17999,151.47000,366.82001,9.18000
2025-04-23,204.60001,102.71000,180.60001,155.35001,374.39001,10.29000
2025-04-24,208.37000,106.43000,186.53999,159.28000,387.29999,12
2025-04-25,209.28000,111.010002,188.99001,161.96001,391.85001,12.34000
2025-04-28,210.14000,108.73000,187.70000,160.61000,391.16000,12.29000
2025-04-29,211.21001,109.019997,187.39000,160.16000,394.040009,11.86000
2025-04-30,212.5,108.92000,184.42000,158.80000,395.26001,12.16000
2025-05-01,213.32001,111.61000,190.20000,161.30000,425.39999,12.10000
2025-05-02,205.35001,114.5,189.98000,164.029999,435.28000,13.29000
2025-05-05,198.89000,113.82000,186.35001,164.21001,436.17001,13.050000
2025-05-06,198.50999,113.54000,185.0099945,163.23000,433.31000,12.64000
2025-05-07,196.25,117.059998,188.71001,151.38000,433.35001,13.28000
2025-05-08,197.49001,117.37000,192.080002,154.28000,438.17001,13.66000
2025-05-09,198.53000,116.65000,193.059998,152.75,438.73001,14.11000
2025-05-12,210.78999,123,208.64000,158.46001,449.26001,17.13000
2025-05-13,212.92999,129.92999,211.37000,159.53000,449.14001,18.60000
2025-05-14,212.33000,135.34000,210.25,165.37000,452.94000,18.84000
2025-05-15,211.45000,134.83000,205.17000,163.96001,453.13000,18.47000
2025-05-16,211.25999,135.39999,205.59000,166.19000,454.26999,18.39000
2025-05-19,208.78000,135.57001,206.16000,166.53999,458.87000,18.059999
2025-05-20,206.86000,134.38000,204.070007,163.98000,458.17001,17.97000
2025-05-21,202.089996,131.80000,201.12000,168.56000,452.57001,17
2025-05-22,201.36000,132.83000,203.10001,170.87000,454.85999,16.51000
2025-05-23,195.27000,131.28999,200.99001,168.47000,450.17999,15.73000
2025-05-27,200.21001,135.5,206.020004,172.89999,460.69000,17.29000
2025-05-28,200.42000,134.81000,204.72000,172.36000,457.35999,17.040001
2025-05-29,200.16,140.36,206.665,171.55,458.95,17.405
